,postort,Kommun,Lan
0,Abbekås,Skurups kommun,Skåne län
1,Abborrträsk,Arvidsjaurs kommun,Norrbottens län
2,Abisko,Kiruna kommun,Norrbottens län
3,Adak,Malå kommun,Västerbottens län
4,Adelsö,Ekerö kommun,Stockholms län
5,Agnesberg,Göteborgs kommun,Västra Götalands län
6,Agunnaryd,Ljungby kommun,Kronobergs län
7,Alafors,Ale kommun,Västra Götalands län
8,Alby,Ånge kommun,Västernorrlands län
9,Alfta,Ovanåkers kommun,Gävleborgs län
10,Alingsås,Alingsås kommun,Västra Götalands län
11,Allerum,Helsingborgs kommun,Skåne län
12,Almunge,Uppsala kommun,Uppsala län
13,Alnö,Sundsvalls kommun,Västernorrlands län
14,Alnarp,Lomma kommun,Skåne län
15,Alsen,Krokoms kommun,Jämtlands län
16,Alsterbro,Nybro kommun,Kalmar län
17,Alstermo,Uppvidinge kommun,Kronobergs län
18,Altersbruk,Piteå kommun,Norrbottens län
19,Alunda,Östhammars kommun,Uppsala län
20,Alvesta,Alvesta kommun,Kronobergs län
21,Alvhem,Ale kommun,Västra Götalands län
22,Ambjörby,Torsby kommun,Värmlands län
23,Ambjörnarp,Tranemo kommun,Västra Götalands län
24,Ammarnäs,Sorsele kommun,Västerbottens län
25,Anderslöv,Trelleborgs kommun,Skåne län
26,Anderstorp,Gislaveds kommun,Jönköpings län
27,Aneby,Aneby kommun,Jönköpings län
28,Angered,Göteborgs kommun,Västra Götalands län
29,Ankarsrum,Västerviks kommun,Kalmar län
30,Ankarsvik,Sundsvalls kommun,Västernorrlands län
31,Anneberg,Nässjö kommun,Jönköpings län
32,Annelöv,Landskrona kommun,Skåne län
33,Annerstad,Ljungby kommun,Kronobergs län
34,Aplared,Borås kommun,Västra Götalands län
35,Arboga,Arboga kommun,Västmanlands län
36,Arbrå,Bollnäs kommun,Gävleborgs län
37,Arholma,Norrtälje kommun,Stockholms län
38,Arild,Höganäs kommun,Skåne län
39,Arjeplog,Arjeplogs kommun,Norrbottens län
40,Arkelstorp,Kristianstads kommun,Skåne län
41,Arlöv,Burlövs kommun,Skåne län
42,Arlandastad,Sigtuna kommun,Stockholms län
43,Arnäsvall,Örnsköldsviks kommun,Västernorrlands län
44,Arnemark,Piteå kommun,Norrbottens län
45,Arvidsjaur,Arvidsjaurs kommun,Norrbottens län
46,Arvika,Arvika kommun,Värmlands län
47,Asarum,Karlshamns kommun,Blekinge län
48,Askersund,Askersunds kommun,Örebro län
49,Askim,Göteborgs kommun,Västra Götalands län
50,Asmundtorp,Landskrona kommun,Skåne län
51,Aspabruk,Askersunds kommun,Örebro län
52,Asperö,Göteborgs kommun,Västra Götalands län
53,Aspås,Krokoms kommun,Jämtlands län
54,Avesta,Avesta kommun,Dalarnas län
55,Axmar,Gävle kommun,Gävleborgs län
56,Axvall,Skara kommun,Västra Götalands län
57,Backaryd,Ronneby kommun,Blekinge län
58,Backe,Strömsunds kommun,Jämtlands län
59,Bagarmossen,Stockholms kommun,Stockholms län
60,Ballingslöv,Hässleholms kommun,Skåne län
61,Bandhagen,Stockholms kommun,Stockholms län
62,Bankeryd,Jönköpings kommun,Jönköpings län
63,Bara,Svedala kommun,Skåne län
64,Barsebäck,Kävlinge kommun,Skåne län
65,Barsele,Storumans kommun,Västerbottens län
66,Bastuträsk,Norsjö kommun,Västerbottens län
67,Beddingestrand,Trelleborgs kommun,Skåne län
68,Bengtsfors,Bengtsfors kommun,Västra Götalands län
69,Berga,Högsby kommun,Kalmar län
70,Bergby,Gävle kommun,Gävleborgs län
71,Bergeforsen,Timrå kommun,Västernorrlands län
72,Berghem,Marks kommun,Västra Götalands län
73,Bergkvara,Torsås kommun,Kalmar län
74,Bergshamra,Norrtälje kommun,Stockholms län
75,Bergsjö,Nordanstigs kommun,Gävleborgs län
76,Bergvik,Söderhamns kommun,Gävleborgs län
77,Bettna,Flens kommun,Södermanlands län
78,Billdal,Göteborgs kommun,Västra Götalands län
79,Billeberga,Svalövs kommun,Skåne län
80,Billesholm,Bjuvs kommun,Skåne län
81,Billinge,Eslövs kommun,Skåne län
82,Billingsfors,Bengtsfors kommun,Västra Götalands län
83,Bispgården,Ragunda kommun,Jämtlands län
84,Bjuråker,Hudiksvalls kommun,Gävleborgs län
85,Bjurholm,Bjurholms kommun,Västerbottens län
86,Bjursås,Falu kommun,Dalarnas län
87,Bjuv,Bjuvs kommun,Skåne län
88,Bjärnum,Hässleholms kommun,Skåne län
89,Bjärred,Lomma kommun,Skåne län
90,Bjärtrå,Kramfors kommun,Västernorrlands län
91,Bjästa,Örnsköldsviks kommun,Västernorrlands län
92,Björbo,Gagnefs kommun,Dalarnas län
93,Björketorp,Marks kommun,Västra Götalands län
94,Björkliden,Kiruna kommun,Norrbottens län
95,Björklinge,Uppsala kommun,Uppsala län
96,Björksele,Lycksele kommun,Västerbottens län
97,Björkvik,Katrineholms kommun,Södermanlands län
98,Björkö,Norrtälje kommun,Stockholms län
99,Björköby,Vetlanda kommun,Jönköpings län
100,Björna,Örnsköldsviks kommun,Västernorrlands län
101,Björneborg,Kristinehamns kommun,Värmlands län
102,Björnlunda,Gnesta kommun,Södermanlands län
103,Blåsmark,Piteå kommun,Norrbottens län
104,Blåviksjön,Lycksele kommun,Västerbottens län
105,Blackstad,Västerviks kommun,Kalmar län
106,Blankaholm,Västerviks kommun,Kalmar län
107,Blattnicksele,Sorsele kommun,Västerbottens län
108,Bleket,Tjörns kommun,Västra Götalands län
109,Blentarp,Sjöbo kommun,Skåne län
110,Blidsberg,Ulricehamns kommun,Västra Götalands län
111,Blidö,Norrtälje kommun,Stockholms län
112,Blomstermåla,Mönsterås kommun,Kalmar län
113,Bockara,Oskarshamns kommun,Kalmar län
114,Boda Glasbruk,Emmaboda kommun,Kalmar län
115,Boda Kyrkby,Rättviks kommun,Dalarnas län
116,Bodafors,Nässjö kommun,Jönköpings län
117,Boden,Bodens kommun,Norrbottens län
118,Bograngen,Torsby kommun,Värmlands län
119,Bohus,Ale kommun,Västra Götalands län
120,Bohus-Björkö,Öckerö kommun,Västra Götalands län
121,Bohus-Malmön,Sotenäs kommun,Västra Götalands län
122,Boliden,Skellefteå kommun,Västerbottens län
123,Bollebygd,Bollebygds kommun,Västra Götalands län
124,Bollnäs,Bollnäs kommun,Gävleborgs län
125,Bollstabruk,Kramfors kommun,Västernorrlands län
126,Bolmsö,Ljungby kommun,Kronobergs län
127,Bonässund,Örnsköldsviks kommun,Västernorrlands län
128,Bor,Värnamo kommun,Jönköpings län
129,Borensberg,Motala kommun,Östergötlands län
130,Borgafjäll,Dorotea kommun,Västerbottens län
131,Borghamn,Vadstena kommun,Östergötlands län
132,Borgholm,Borgholms kommun,Kalmar län
133,Borgstena,Borås kommun,Västra Götalands län
134,Borgvik,Grums kommun,Värmlands län
135,Borlänge,Borlänge kommun,Dalarnas län
136,Borrby,Simrishamns kommun,Skåne län
137,Borås,Borås kommun,Västra Götalands län
138,Botsmark,Umeå kommun,Västerbottens län
139,Bottnaryd,Jönköpings kommun,Jönköpings län
140,Bovallstrand,Sotenäs kommun,Västra Götalands län
141,Boxholm,Boxholms kommun,Östergötlands län
142,Braås,Växjö kommun,Kronobergs län
143,Brandbergen,Haninge kommun,Stockholms län
144,Brandstorp,Habo kommun,Jönköpings län
145,Brantevik,Simrishamns kommun,Skåne län
146,Brastad,Lysekils kommun,Västra Götalands län
147,Bredared,Borås kommun,Västra Götalands län
148,Bredaryd,Värnamo kommun,Jönköpings län
149,Bredbyn,Örnsköldsviks kommun,Västernorrlands län
150,Brevens Bruk,Örebro kommun,Örebro län
151,Bro,Upplands-Bro kommun,Stockholms län
152,Broakulla,Emmaboda kommun,Kalmar län
153,Broaryd,Gislaveds kommun,Jönköpings län
154,Broby,Östra Göinge kommun,Skåne län
155,Broddetorp,Falköpings kommun,Västra Götalands län
156,Brokind,Linköpings kommun,Östergötlands län
157,Bromma,Stockholms kommun,Stockholms län
158,Bromölla,Bromölla kommun,Skåne län
159,Brottby,Vallentuna kommun,Stockholms län
160,Bruksvallarna,Härjedalens kommun,Jämtlands län
161,Brunflo,Östersunds kommun,Jämtlands län
162,Brunskog,Arvika kommun,Värmlands län
163,Bruzaholm,Eksjö kommun,Jönköpings län
164,Brålanda,Vänersborgs kommun,Västra Götalands län
165,Bräcke,Bräcke kommun,Jämtlands län
166,Bräkne-Hoby,Ronneby kommun,Blekinge län
167,Brämhult,Borås kommun,Västra Götalands län
168,Brännö,Göteborgs kommun,Västra Götalands län
169,Brösarp,Tomelilla kommun,Skåne län
170,Bua,Varbergs kommun,Hallands län
171,Bullaren,Tanums kommun,Västra Götalands län
172,Bullmark,Umeå kommun,Västerbottens län
173,Bunkeflostrand,Malmö kommun,Skåne län
174,Bureå,Skellefteå kommun,Västerbottens län
175,Burgsvik,Gotlands kommun,Gotlands län
176,Burseryd,Gislaveds kommun,Jönköpings län
177,Burträsk,Skellefteå kommun,Västerbottens län
178,By Kyrkby,Avesta kommun,Dalarnas län
179,Bygdeå,Robertsfors kommun,Västerbottens län
180,Bygdsiljum,Skellefteå kommun,Västerbottens län
181,Byske,Skellefteå kommun,Västerbottens län
182,Byxelkrok,Borgholms kommun,Kalmar län
183,Bålsta,Håbo kommun,Uppsala län
184,Båstad,Båstads kommun,Skåne län
185,Båtskärsnäs,Kalix kommun,Norrbottens län
186,Bäckefors,Bengtsfors kommun,Västra Götalands län
187,Bälinge,Uppsala kommun,Uppsala län
188,Charlottenberg,Eda kommun,Värmlands län
189,Dösjebro,Kävlinge kommun,Skåne län
190,Dala-Floda,Gagnefs kommun,Dalarnas län
191,Dala-Husby,Hedemora kommun,Dalarnas län
192,Dala-Järna,Vansbro kommun,Dalarnas län
193,Dalarö,Haninge kommun,Stockholms län
194,Dalby,Lunds kommun,Skåne län
195,Dalhem,Gotlands kommun,Gotlands län
196,Dals Långed,Bengtsfors kommun,Västra Götalands län
197,Dals Rostock,Melleruds kommun,Västra Götalands län
198,Dalsjöfors,Borås kommun,Västra Götalands län
199,Dalskog,Melleruds kommun,Västra Götalands län
200,Dalstorp,Tranemo kommun,Västra Götalands län
201,Dalum,Ulricehamns kommun,Västra Götalands län
202,Danderyd,Danderyds kommun,Stockholms län
203,Dannike,Borås kommun,Västra Götalands län
204,Degeberga,Kristianstads kommun,Skåne län
205,Degerfors,Degerfors kommun,Örebro län
206,Degerhamn,Mörbylånga kommun,Kalmar län
207,Deje,Forshaga kommun,Värmlands län
208,Delsbo,Hudiksvalls kommun,Gävleborgs län
209,Diö,Älmhults kommun,Kronobergs län
210,Dikanäs,Vilhelmina kommun,Västerbottens län
211,Dingle,Munkedals kommun,Västra Götalands län
212,Djura,Leksands kommun,Dalarnas län
213,Djurhamn,Värmdö kommun,Stockholms län
214,Djurmo,Gagnefs kommun,Dalarnas län
215,Djursholm,Danderyds kommun,Stockholms län
216,Djurås,Gagnefs kommun,Dalarnas län
217,Docksta,Kramfors kommun,Västernorrlands län
218,Domsjö,Örnsköldsviks kommun,Västernorrlands län
219,Donsö,Göteborgs kommun,Västra Götalands län
220,Dorotea,Dorotea kommun,Västerbottens län
221,Drottningholm,Ekerö kommun,Stockholms län
222,Drottningskär,Karlskrona kommun,Blekinge län
223,Duved,Åre kommun,Jämtlands län
224,Dvärsätt,Krokoms kommun,Jämtlands län
225,Dyltabruk,Örebro kommun,Örebro län
226,Dyrön,Tjörns kommun,Västra Götalands län
227,Ed,Dals-Eds kommun,Västra Götalands län
228,Edane,Arvika kommun,Värmlands län
229,Edsbro,Norrtälje kommun,Stockholms län
230,Edsbruk,Västerviks kommun,Kalmar län
231,Edsbyn,Ovanåkers kommun,Gävleborgs län
232,Edsele,Sollefteå kommun,Västernorrlands län
233,Edsvalla,Karlstads kommun,Värmlands län
234,Ekeby,Bjuvs kommun,Skåne län
235,Ekenässjön,Vetlanda kommun,Jönköpings län
236,Ekerö,Ekerö kommun,Stockholms län
237,Eket,Örkelljunga kommun,Skåne län
238,Ekolsund,Enköpings kommun,Uppsala län
239,Ekshärad,Hagfors kommun,Värmlands län
240,Eksjö,Eksjö kommun,Jönköpings län
241,Eldsberga,Halmstads kommun,Hallands län
242,Ellös,Orusts kommun,Västra Götalands län
243,Emmaboda,Emmaboda kommun,Kalmar län
244,Enebyberg,Danderyds kommun,Stockholms län
245,Eneryda,Älmhults kommun,Kronobergs län
246,Enhörna,Södertälje kommun,Stockholms län
247,Enköping,Enköpings kommun,Uppsala län
248,Enskede,Stockholms kommun,Stockholms län
249,Enskede Gård,Stockholms kommun,Stockholms län
250,Enskededalen,Stockholms kommun,Stockholms län
251,Enstaberga,Nyköpings kommun,Södermanlands län
252,Enviken,Falu kommun,Dalarnas län
253,Enånger,Hudiksvalls kommun,Gävleborgs län
254,Erikslund,Ånge kommun,Västernorrlands län
255,Eriksmåla,Emmaboda kommun,Kalmar län
256,Eringsboda,Ronneby kommun,Blekinge län
257,Ersmark,Skellefteå kommun,Västerbottens län
258,Ervalla,Örebro kommun,Örebro län
259,Eskilstuna,Eskilstuna kommun,Södermanlands län
260,Eslöv,Eslövs kommun,Skåne län
261,Everöd,Kristianstads kommun,Skåne län
262,Fagerfjäll,Tjörns kommun,Västra Götalands län
263,Fagerås,Kils kommun,Värmlands län
264,Fagerhult,Högsby kommun,Kalmar län
265,Fagersanna,Tibro kommun,Västra Götalands län
266,Fagersta,Fagersta kommun,Västmanlands län
267,Fagervik,Timrå kommun,Västernorrlands län
268,Falkenberg,Falkenbergs kommun,Hallands län
269,Falköping,Falköpings kommun,Västra Götalands län
270,Falsterbo,Vellinge kommun,Skåne län
271,Falun,Falu kommun,Dalarnas län
272,Farhult,Höganäs kommun,Skåne län
273,Farsta,Stockholms kommun,Stockholms län
274,Fegen,Falkenbergs kommun,Hallands län
275,Fellingsbro,Lindesbergs kommun,Örebro län
276,Fengersfors,Åmåls kommun,Västra Götalands län
277,Figeholm,Oskarshamns kommun,Kalmar län
278,Filipstad,Filipstads kommun,Värmlands län
279,Finja,Hässleholms kommun,Skåne län
280,Finnerödja,Laxå kommun,Örebro län
281,Finspång,Finspångs kommun,Östergötlands län
282,Fiskebäckskil,Lysekils kommun,Västra Götalands län
283,Fjugesta,Lekebergs kommun,Örebro län
284,Fjälkinge,Kristianstads kommun,Skåne län
285,Fjällbacka,Tanums kommun,Västra Götalands län
286,Fjärdhundra,Enköpings kommun,Uppsala län
287,Fjärås,Kungsbacka kommun,Hallands län
288,Flarken,Robertsfors kommun,Västerbottens län
289,Flen,Flens kommun,Södermanlands län
290,Fleninge,Helsingborgs kommun,Skåne län
291,Flisby,Nässjö kommun,Jönköpings län
292,Fliseryd,Mönsterås kommun,Kalmar län
293,Floby,Falköpings kommun,Västra Götalands län
294,Floda,Lerums kommun,Västra Götalands län
295,Flyinge,Eslövs kommun,Skåne län
296,Folkärna,Avesta kommun,Dalarnas län
297,Fornåsa,Motala kommun,Östergötlands län
298,Fors,Avesta kommun,Dalarnas län
299,Forsa,Hudiksvalls kommun,Gävleborgs län
300,Forsbacka,Gävle kommun,Gävleborgs län
301,Forserum,Nässjö kommun,Jönköpings län
302,Forshaga,Forshaga kommun,Värmlands län
303,Forsheda,Värnamo kommun,Jönköpings län
304,Forsvik,Karlsborgs kommun,Västra Götalands län
305,Fotskäl,Marks kommun,Västra Götalands län
306,Fotö,Öckerö kommun,Västra Götalands län
307,Fredrika,Åsele kommun,Västerbottens län
308,Fredriksberg,Ludvika kommun,Dalarnas län
309,Fredriksdal,Nässjö kommun,Jönköpings län
310,Frillesås,Kungsbacka kommun,Hallands län
311,Frinnaryd,Aneby kommun,Jönköpings län
312,Fristad,Borås kommun,Västra Götalands län
313,Fritsla,Marks kommun,Västra Götalands län
314,Frufällan,Borås kommun,Västra Götalands län
315,Frändefors,Vänersborgs kommun,Västra Götalands län
316,Fränsta,Ånge kommun,Västernorrlands län
317,Fröseke,Uppvidinge kommun,Kronobergs län
318,Frösön,Östersunds kommun,Jämtlands län
319,Frövi,Lindesbergs kommun,Örebro län
320,Funäsdalen,Härjedalens kommun,Jämtlands län
321,Furudal,Rättviks kommun,Dalarnas län
322,Furulund,Kävlinge kommun,Skåne län
323,Furusund,Norrtälje kommun,Stockholms län
324,Furuvik,Gävle kommun,Gävleborgs län
325,Fågelfors,Högsby kommun,Kalmar län
326,Fågelmara,Karlskrona kommun,Blekinge län
327,Fåker,Östersunds kommun,Jämtlands län
328,Fårbo,Oskarshamns kommun,Kalmar län
329,Fårö,Gotlands kommun,Gotlands län
330,Fårösund,Gotlands kommun,Gotlands län
331,Fällfors,Skellefteå kommun,Västerbottens län
332,Färentuna,Ekerö kommun,Stockholms län
333,Färgelanda,Färgelanda kommun,Västra Götalands län
334,Färila,Ljusdals kommun,Gävleborgs län
335,Färjestaden,Mörbylånga kommun,Kalmar län
336,Färlöv,Kristianstads kommun,Skåne län
337,Färnäs,Mora kommun,Dalarnas län
338,Föllinge,Krokoms kommun,Jämtlands län
339,Förslöv,Båstads kommun,Skåne län
340,Gärds Köpinge,Kristianstads kommun,Skåne län
341,Gärsnäs,Simrishamns kommun,Skåne län
342,Gästrike-Hammarby,Sandvikens kommun,Gävleborgs län
343,Gävle,Gävle kommun,Gävleborgs län
344,Göta,Lilla Edets kommun,Västra Götalands län
345,Göteborg,Göteborgs kommun,Västra Götalands län
346,Götene,Götene kommun,Västra Götalands län
347,Gagnef,Gagnefs kommun,Dalarnas län
348,Gamleby,Västerviks kommun,Kalmar län
349,Gammalkil,Linköpings kommun,Östergötlands län
350,Gammelstad,Luleå kommun,Norrbottens län
351,Gantofta,Helsingborgs kommun,Skåne län
352,Gargnäs,Sorsele kommun,Västerbottens län
353,Garpenberg,Hedemora kommun,Dalarnas län
354,Garphyttan,Örebro kommun,Örebro län
355,Garsås,Mora kommun,Dalarnas län
356,Gemla,Växjö kommun,Kronobergs län
357,Genarp,Lunds kommun,Skåne län
358,Genevad,Laholms kommun,Hallands län
359,Getinge,Halmstads kommun,Hallands län
360,Gideå,Örnsköldsviks kommun,Västernorrlands län
361,Gimo,Östhammars kommun,Uppsala län
362,Gislaved,Gislaveds kommun,Jönköpings län
363,Glanshammar,Örebro kommun,Örebro län
364,Glava,Arvika kommun,Värmlands län
365,Glemmingebro,Ystads kommun,Skåne län
366,Glimåkra,Östra Göinge kommun,Skåne län
367,Glommen,Falkenbergs kommun,Hallands län
368,Glommersträsk,Arvidsjaurs kommun,Norrbottens län
369,Glumslöv,Landskrona kommun,Skåne län
370,Gnarp,Nordanstigs kommun,Gävleborgs län
371,Gnesta,Gnesta kommun,Södermanlands län
372,Gnosjö,Gnosjö kommun,Jönköpings län
373,Gotlands Tofta,Gotlands kommun,Gotlands län
374,Granbergsdal,Karlskoga kommun,Örebro län
375,Grangärde,Ludvika kommun,Dalarnas län
376,Granö,Vindelns kommun,Västerbottens län
377,Graninge,Sollefteå kommun,Västernorrlands län
378,Grebbestad,Tanums kommun,Västra Götalands län
379,Grevie,Båstads kommun,Skåne län
380,Grillby,Enköpings kommun,Uppsala län
381,Grimeton,Varbergs kommun,Hallands län
382,Grimslöv,Alvesta kommun,Kronobergs län
383,Grimstorp,Nässjö kommun,Jönköpings län
384,Grimsås,Tranemo kommun,Västra Götalands län
385,Grinda,Värmdö kommun,Stockholms län
386,Grisslehamn,Norrtälje kommun,Stockholms län
387,Grums,Grums kommun,Värmlands län
388,Grundsund,Lysekils kommun,Västra Götalands län
389,Grycksbo,Falu kommun,Dalarnas län
390,Gryt,Valdemarsviks kommun,Östergötlands län
391,Grytgöl,Finspångs kommun,Östergötlands län
392,Grythyttan,Hällefors kommun,Örebro län
393,Gråbo,Lerums kommun,Västra Götalands län
394,Gräddö,Norrtälje kommun,Stockholms län
395,Grängesberg,Ludvika kommun,Dalarnas län
396,Gränna,Jönköpings kommun,Jönköpings län
397,Gränö,Haninge kommun,Stockholms län
398,Gräsmark,Sunne kommun,Värmlands län
399,Gräsmyr,Nordmalings kommun,Västerbottens län
400,Grästorp,Grästorps kommun,Västra Götalands län
401,Gräsö,Östhammars kommun,Uppsala län
402,Grödinge,Botkyrka kommun,Stockholms län
403,Grönahög,Ulricehamns kommun,Västra Götalands län
404,Grönskåra,Högsby kommun,Kalmar län
405,Grötö,Öckerö kommun,Västra Götalands län
406,Gualöv,Bromölla kommun,Skåne län
407,Gudhem,Falköpings kommun,Västra Götalands län
408,Guldsmedshyttan,Lindesbergs kommun,Örebro län
409,Gullabo,Torsås kommun,Kalmar län
410,Gullaskruv,Nybro kommun,Kalmar län
411,Gullbrandstorp,Halmstads kommun,Hallands län
412,Gullholmen,Orusts kommun,Västra Götalands län
413,Gullringen,Vimmerby kommun,Kalmar län
414,Gullspång,Gullspångs kommun,Västra Götalands län
415,Gunnarn,Storumans kommun,Västerbottens län
416,Gunnarsbyn,Bodens kommun,Norrbottens län
417,Gunnarskog,Arvika kommun,Värmlands län
418,Gunnebo,Västerviks kommun,Kalmar län
419,Gunnilse,Göteborgs kommun,Västra Götalands län
420,Gusselby,Lindesbergs kommun,Örebro län
421,Gustafs,Säters kommun,Dalarnas län
422,Gustavsberg,Nacka kommun,Stockholms län
423,Gustavsfors,Bengtsfors kommun,Västra Götalands län
424,Gusum,Valdemarsviks kommun,Östergötlands län
425,Gysinge,Sandvikens kommun,Gävleborgs län
426,Gyttorp,Nora kommun,Örebro län
427,Gålö,Haninge kommun,Stockholms län
428,Gånghester,Borås kommun,Västra Götalands län
429,Gårdsjö,Gullspångs kommun,Västra Götalands län
430,Gäddede,Strömsunds kommun,Jämtlands län
431,Gällivare,Gällivare kommun,Norrbottens län
432,Gällnöby,Värmdö kommun,Stockholms län
433,Gällstad,Ulricehamns kommun,Västra Götalands län
434,Gällö,Bräcke kommun,Jämtlands län
435,Habo,Habo kommun,Jönköpings län
436,Hackås,Bergs kommun,Jämtlands län
437,Hagfors,Hagfors kommun,Värmlands län
438,Hajom,Marks kommun,Västra Götalands län
439,Hakenäset,Tjörns kommun,Västra Götalands län
440,Hakkas,Gällivare kommun,Norrbottens län
441,Hallabro,Ronneby kommun,Blekinge län
442,Hallaryd,Älmhults kommun,Kronobergs län
443,Hallaröd,Höörs kommun,Skåne län
444,Hallen,Åre kommun,Jämtlands län
445,Hallsberg,Hallsbergs kommun,Örebro län
446,Hallstahammar,Hallstahammars kommun,Västmanlands län
447,Hallstavik,Norrtälje kommun,Stockholms län
448,Halltorp,Kalmar kommun,Kalmar län
449,Halmstad,Halmstads kommun,Hallands län
450,Hamburgsund,Tanums kommun,Västra Götalands län
451,Hammar,Askersunds kommun,Örebro län
452,Hammarstrand,Ragunda kommun,Jämtlands län
453,Hammarö,Hammarö kommun,Värmlands län
454,Hammenhög,Simrishamns kommun,Skåne län
455,Hammerdal,Strömsunds kommun,Jämtlands län
456,Hamneda,Ljungby kommun,Kronobergs län
457,Hamra,Ljusdals kommun,Gävleborgs län
458,Hamrångefjärden,Gävle kommun,Gävleborgs län
459,Hanaskog,Östra Göinge kommun,Skåne län
460,Handen,Haninge kommun,Stockholms län
461,Haninge,Haninge kommun,Stockholms län
462,Haparanda,Haparanda kommun,Norrbottens län
463,Harads,Bodens kommun,Norrbottens län
464,Harbo,Heby kommun,Uppsala län
465,Harestad,Kungälvs kommun,Västra Götalands län
466,Hargshamn,Östhammars kommun,Uppsala län
467,Harlösa,Eslövs kommun,Skåne län
468,Harmånger,Nordanstigs kommun,Gävleborgs län
469,Harplinge,Halmstads kommun,Hallands län
470,Harö,Värmdö kommun,Stockholms län
471,Hassela,Nordanstigs kommun,Gävleborgs län
472,Hasselfors,Laxå kommun,Örebro län
473,Hasslarp,Helsingborgs kommun,Skåne län
474,Hasslö,Karlskrona kommun,Blekinge län
475,Havdhem,Gotlands kommun,Gotlands län
476,Haverdal,Halmstads kommun,Hallands län
477,Havstenssund,Tanums kommun,Västra Götalands län
478,Heberg,Falkenbergs kommun,Hallands län
479,Heby,Heby kommun,Uppsala län
480,Hedared,Borås kommun,Västra Götalands län
481,Hede,Härjedalens kommun,Jämtlands län
482,Hedekas,Munkedals kommun,Västra Götalands län
483,Hedemora,Hedemora kommun,Dalarnas län
484,Hedenäset,Övertorneå kommun,Norrbottens län
485,Hedesunda,Gävle kommun,Gävleborgs län
486,Helgum,Sollefteå kommun,Västernorrlands län
487,Helsingborg,Helsingborgs kommun,Skåne län
488,Hemavan,Storumans kommun,Västerbottens län
489,Hemmingsmark,Piteå kommun,Norrbottens län
490,Hemse,Gotlands kommun,Gotlands län
491,Henån,Orusts kommun,Västra Götalands län
492,Herrljunga,Herrljunga kommun,Västra Götalands län
493,Herräng,Norrtälje kommun,Stockholms län
494,Hestra,Gislaveds kommun,Jönköpings län
495,Hillared,Svenljunga kommun,Västra Götalands län
496,Hillerstorp,Gnosjö kommun,Jönköpings län
497,Hindås,Härryda kommun,Västra Götalands län
498,Hishult,Laholms kommun,Hallands län
499,Hisings Backa,Göteborgs kommun,Västra Götalands län
500,Hisings Kärra,Göteborgs kommun,Västra Götalands län
501,Hjälteby,Tjörns kommun,Västra Götalands län
502,Hjältevad,Eksjö kommun,Jönköpings län
503,Hjärnarp,Ängelholms kommun,Skåne län
504,Hjärtum,Lilla Edets kommun,Västra Götalands län
505,Hjärup,Staffanstorps kommun,Skåne län
506,Hjo,Hjo kommun,Västra Götalands län
507,Hjorted,Västerviks kommun,Kalmar län
508,Hjortkvarn,Hallsbergs kommun,Örebro län
509,Hjortsberga,Alvesta kommun,Kronobergs län
510,Hofors,Hofors kommun,Gävleborgs län
511,Hok,Vaggeryds kommun,Jönköpings län
512,Holm,Halmstads kommun,Hallands län
513,Holmsjö,Karlskrona kommun,Blekinge län
514,Holmsund,Umeå kommun,Västerbottens län
515,Holmsveden,Söderhamns kommun,Gävleborgs län
516,Holmön,Umeå kommun,Västerbottens län
517,Holsbybrunn,Vetlanda kommun,Jönköpings län
518,Holsljunga,Svenljunga kommun,Västra Götalands län
519,Horda,Värnamo kommun,Jönköpings län
520,Horn,Kinda kommun,Östergötlands län
521,Horndal,Avesta kommun,Dalarnas län
522,Hornmyr,Lycksele kommun,Västerbottens län
523,Horred,Marks kommun,Västra Götalands län
524,Hortlax,Piteå kommun,Norrbottens län
525,Hoting,Strömsunds kommun,Jämtlands län
526,Hova,Gullspångs kommun,Västra Götalands län
527,Hovmantorp,Lessebo kommun,Kronobergs län
528,Hovås,Göteborgs kommun,Västra Götalands län
529,Huaröd,Kristianstads kommun,Skåne län
530,Huddinge,Huddinge kommun,Stockholms län
531,Huddungeby,Heby kommun,Uppsala län
532,Hudiksvall,Hudiksvalls kommun,Gävleborgs län
533,Hult,Eksjö kommun,Jönköpings län
534,Hultafors,Bollebygds kommun,Västra Götalands län
535,Hultsfred,Hultsfreds kommun,Kalmar län
536,Hunnebostrand,Sotenäs kommun,Västra Götalands län
537,Husarö,Österåkers kommun,Stockholms län
538,Husby-Rekarne,Eskilstuna kommun,Södermanlands län
539,Huskvarna,Jönköpings kommun,Jönköpings län
540,Husum,Örnsköldsviks kommun,Västernorrlands län
541,Hyllinge,Åstorps kommun,Skåne län
542,Hyltebruk,Hylte kommun,Hallands län
543,Hyppeln,Öckerö kommun,Västra Götalands län
544,Hyssna,Marks kommun,Västra Götalands län
545,Håcksvik,Svenljunga kommun,Västra Götalands län
546,Håknäs,Nordmalings kommun,Västerbottens län
547,Hålanda,Ale kommun,Västra Götalands län
548,Hållnäs,Tierps kommun,Uppsala län
549,Hållsta,Eskilstuna kommun,Södermanlands län
550,Hålta,Kungälvs kommun,Västra Götalands län
551,Hårsfjärden,Haninge kommun,Stockholms län
552,Håverud,Melleruds kommun,Västra Götalands län
553,Hägersten,Stockholms kommun,Stockholms län
554,Häggeby,Håbo kommun,Uppsala län
555,Häggenås,Östersunds kommun,Jämtlands län
556,Häljarp,Landskrona kommun,Skåne län
557,Hällaström,Åsele kommun,Västerbottens län
558,Hällefors,Hällefors kommun,Örebro län
559,Hälleforsnäs,Flens kommun,Södermanlands län
560,Hällekis,Götene kommun,Västra Götalands län
561,Hällestad,Finspångs kommun,Östergötlands län
562,Hällevadsholm,Munkedals kommun,Västra Götalands län
563,Hälleviksstrand,Orusts kommun,Västra Götalands län
564,Hällingsjö,Härryda kommun,Västra Götalands län
565,Hällnäs,Vindelns kommun,Västerbottens län
566,Hälsö,Öckerö kommun,Västra Götalands län
567,Häradsbäck,Älmhults kommun,Kronobergs län
568,Härnösand,Härnösands kommun,Västernorrlands län
569,Härryda,Härryda kommun,Västra Götalands län
570,Härslöv,Landskrona kommun,Skåne län
571,Hässelby,Stockholms kommun,Stockholms län
572,Hässleholm,Hässleholms kommun,Skåne län
573,Hästveda,Hässleholms kommun,Skåne län
574,Höganäs,Höganäs kommun,Skåne län
575,Högland,Dorotea kommun,Västerbottens län
576,Högsby,Högsby kommun,Kalmar län
577,Högsjö,Vingåkers kommun,Södermanlands län
578,Högsäter,Färgelanda kommun,Västra Götalands län
579,Höje,Hagfors kommun,Värmlands län
580,Hökerum,Ulricehamns kommun,Västra Götalands län
581,Hölö,Södertälje kommun,Stockholms län
582,Höljes,Torsby kommun,Värmlands län
583,Höllviken,Vellinge kommun,Skåne län
584,Hönö,Öckerö kommun,Västra Götalands län
585,Hörby,Hörby kommun,Skåne län
586,Hörja,Hässleholms kommun,Skåne län
587,Hörnefors,Umeå kommun,Västerbottens län
588,Höviksnäs,Tjörns kommun,Västra Götalands län
589,Höör,Höörs kommun,Skåne län
590,Idkerberget,Borlänge kommun,Dalarnas län
591,Idre,Älvdalens kommun,Dalarnas län
592,Iggesund,Hudiksvalls kommun,Gävleborgs län
593,Ilsbo,Nordanstigs kommun,Gävleborgs län
594,Immeln,Östra Göinge kommun,Skåne län
595,Indal,Sundsvalls kommun,Västernorrlands län
596,Ingarö,Värmdö kommun,Stockholms län
597,Ingatorp,Eksjö kommun,Jönköpings län
598,Ingelstad,Växjö kommun,Kronobergs län
599,Ingmarsö,Österåkers kommun,Stockholms län
600,Insjön,Leksands kommun,Dalarnas län
601,Istorp,Marks kommun,Västra Götalands län
602,Jäckvik,Arjeplogs kommun,Norrbottens län
603,Jädraås,Ockelbo kommun,Gävleborgs län
604,Jämjö,Karlskrona kommun,Blekinge län
605,Jämshög,Olofströms kommun,Blekinge län
606,Järbo,Sandvikens kommun,Gävleborgs län
607,Järfälla,Järfälla kommun,Stockholms län
608,Järlåsa,Uppsala kommun,Uppsala län
609,Järna,Södertälje kommun,Stockholms län
610,Järnforsen,Hultsfreds kommun,Kalmar län
611,Järpen,Åre kommun,Jämtlands län
612,Järpås,Lidköpings kommun,Västra Götalands län
613,Järved,Örnsköldsviks kommun,Västernorrlands län
614,Järvsö,Ljusdals kommun,Gävleborgs län
615,Jät,Växjö kommun,Kronobergs län
616,Jättendal,Nordanstigs kommun,Gävleborgs län
617,Jävrebyn,Piteå kommun,Norrbottens län
618,Jönköping,Jönköpings kommun,Jönköpings län
619,Jönåker,Nyköpings kommun,Södermanlands län
620,Jörlanda,Stenungsunds kommun,Västra Götalands län
621,Jörn,Skellefteå kommun,Västerbottens län
622,Johanneshov,Stockholms kommun,Stockholms län
623,Johannishus,Ronneby kommun,Blekinge län
624,Jokkmokk,Jokkmokks kommun,Norrbottens län
625,Jonsered,Partille kommun,Västra Götalands län
626,Jonstorp,Höganäs kommun,Skåne län
627,Jordbro,Haninge kommun,Stockholms län
628,Jukkasjärvi,Kiruna kommun,Norrbottens län
629,Julita,Katrineholms kommun,Södermanlands län
630,Junosuando,Pajala kommun,Norrbottens län
631,Junsele,Sollefteå kommun,Västernorrlands län
632,Juoksengi,Övertorneå kommun,Norrbottens län
633,Kåbdalis,Jokkmokks kommun,Norrbottens län
634,Kåge,Skellefteå kommun,Västerbottens län
635,Kågeröd,Svalövs kommun,Skåne län
636,Kållekärr,Tjörns kommun,Västra Götalands län
637,Kållered,Mölndals kommun,Västra Götalands län
638,Kårböle,Ljusdals kommun,Gävleborgs län
639,Kälarne,Bräcke kommun,Jämtlands län
640,Källby,Götene kommun,Västra Götalands län
641,Källö-Knippla,Öckerö kommun,Västra Götalands län
642,Käringön,Orusts kommun,Västra Götalands län
643,Kärna,Kungälvs kommun,Västra Götalands län
644,Kättilstorp,Falköpings kommun,Västra Götalands län
645,Kävlinge,Kävlinge kommun,Skåne län
646,Köping,Köpings kommun,Västmanlands län
647,Köpingebro,Ystads kommun,Skåne län
648,Köpingsvik,Borgholms kommun,Kalmar län
649,Köpmanholmen,Örnsköldsviks kommun,Västernorrlands län
650,Köpmannebro,Melleruds kommun,Västra Götalands län
651,Köpstadsö,Göteborgs kommun,Västra Götalands län
652,Kainulasjärvi,Pajala kommun,Norrbottens län
653,Kalix,Kalix kommun,Norrbottens län
654,Kalix-Nyborg,Kalix kommun,Norrbottens län
655,Kallinge,Ronneby kommun,Blekinge län
656,Kalmar,Kalmar kommun,Kalmar län
657,Kalv,Svenljunga kommun,Västra Götalands län
658,Kalvsund,Öckerö kommun,Västra Götalands län
659,Kalvsvik,Växjö kommun,Kronobergs län
660,Kalvträsk,Skellefteå kommun,Västerbottens län
661,Kangos,Pajala kommun,Norrbottens län
662,Kareby,Kungälvs kommun,Västra Götalands län
663,Karesuando,Kiruna kommun,Norrbottens län
664,Karl Gustav,Varbergs kommun,Hallands län
665,Karlholmsbruk,Tierps kommun,Uppsala län
666,Karlsborg,Karlsborgs kommun,Västra Götalands län
667,Karlsborgsverken,Kalix kommun,Norrbottens län
668,Karlshamn,Karlshamns kommun,Blekinge län
669,Karlskoga,Karlskoga kommun,Örebro län
670,Karlskrona,Karlskrona kommun,Blekinge län
671,Karlstad,Karlstads kommun,Värmlands län
672,Karungi,Haparanda kommun,Norrbottens län
673,Katrineholm,Katrineholms kommun,Södermanlands län
674,Kattarp,Helsingborgs kommun,Skåne län
675,Katthammarsvik,Gotlands kommun,Gotlands län
676,Kil,Kils kommun,Värmlands län
677,Kilafors,Bollnäs kommun,Gävleborgs län
678,Killeberg,Osby kommun,Skåne län
679,Kilsmo,Örebro kommun,Örebro län
680,Kimstad,Norrköpings kommun,Östergötlands län
681,Kinna,Marks kommun,Västra Götalands län
682,Kinnahult,Marks kommun,Västra Götalands län
683,Kinnared,Hylte kommun,Hallands län
684,Kinnarp,Falköpings kommun,Västra Götalands län
685,Kinnarumma,Borås kommun,Västra Götalands län
686,Kiruna,Kiruna kommun,Norrbottens län
687,Kisa,Kinda kommun,Östergötlands län
688,Kista,Stockholms kommun,Stockholms län
689,Kittelfjäll,Vilhelmina kommun,Västerbottens län
690,Kivik,Simrishamns kommun,Skåne län
691,Klågerup,Svedala kommun,Skåne län
692,Klädesholmen,Tjörns kommun,Västra Götalands län
693,Klässbol,Arvika kommun,Värmlands län
694,Klövedal,Tjörns kommun,Västra Götalands län
695,Klövsjö,Bergs kommun,Jämtlands län
696,Klagshamn,Malmö kommun,Skåne län
697,Klagstorp,Trelleborgs kommun,Skåne län
698,Klavreström,Uppvidinge kommun,Kronobergs län
699,Klimpfjäll,Vilhelmina kommun,Västerbottens län
700,Klintehamn,Gotlands kommun,Gotlands län
701,Klippan,Klippans kommun,Skåne län
702,Klockrike,Motala kommun,Östergötlands län
703,Knislinge,Östra Göinge kommun,Skåne län
704,Knivsta,Knivsta kommun,Uppsala län
705,Knutby,Uppsala kommun,Uppsala län
706,Knäred,Laholms kommun,Hallands län
707,Kode,Kungälvs kommun,Västra Götalands län
708,Kolbäck,Hallstahammars kommun,Västmanlands län
709,Koler,Piteå kommun,Norrbottens län
710,Kolmården,Norrköpings kommun,Östergötlands län
711,Kolsva,Köpings kommun,Västmanlands län
712,Konga,Tingsryds kommun,Kronobergs län
713,Kopparberg,Ljusnarsbergs kommun,Örebro län
714,Koppom,Eda kommun,Värmlands län
715,Korpilombolo,Pajala kommun,Norrbottens län
716,Korsberga,Vetlanda kommun,Jönköpings län
717,Korskrogen,Ljusdals kommun,Gävleborgs län
718,Koskullskulle,Gällivare kommun,Norrbottens län
719,Kosta,Lessebo kommun,Kronobergs län
720,Kovland,Sundsvalls kommun,Västernorrlands län
721,Kramfors,Kramfors kommun,Västernorrlands län
722,Kristdala,Oskarshamns kommun,Kalmar län
723,Kristianstad,Kristianstads kommun,Skåne län
724,Kristineberg,Lycksele kommun,Västerbottens län
725,Kristinehamn,Kristinehamns kommun,Värmlands län
726,Krokom,Krokoms kommun,Jämtlands län
727,Krylbo,Avesta kommun,Dalarnas län
728,Kullavik,Kungsbacka kommun,Hallands län
729,Kulltorp,Gnosjö kommun,Jönköpings län
730,Kumla,Kumla kommun,Örebro län
731,Kungälv,Kungälvs kommun,Västra Götalands län
732,Kungens Kurva,Huddinge kommun,Stockholms län
733,Kungsängen,Upplands-Bro kommun,Stockholms län
734,Kungsäter,Varbergs kommun,Hallands län
735,Kungsör,Kungsörs kommun,Västmanlands län
736,Kungsbacka,Kungsbacka kommun,Hallands län
737,Kungsgården,Sandvikens kommun,Gävleborgs län
738,Kungshamn,Sotenäs kommun,Västra Götalands län
739,Kurravaara,Kiruna kommun,Norrbottens län
740,Kusmark,Skellefteå kommun,Västerbottens län
741,Kvibille,Halmstads kommun,Hallands län
742,Kvicksund,Västerås kommun,Västmanlands län
743,Kvidinge,Åstorps kommun,Skåne län
744,Kvikkjokk,Jokkmokks kommun,Norrbottens län
745,Kvillsfors,Vetlanda kommun,Jönköpings län
746,Kvissleby,Sundsvalls kommun,Västernorrlands län
747,Kvänum,Vara kommun,Västra Götalands län
748,Kyrkesund,Tjörns kommun,Västra Götalands län
749,Kyrkhult,Olofströms kommun,Blekinge län
750,Långaryd,Hylte kommun,Hallands län
751,Långasjö,Emmaboda kommun,Kalmar län
752,Långbäcken,Åsele kommun,Västerbottens län
753,Långsele,Sollefteå kommun,Västernorrlands län
754,Långserud,Säffle kommun,Värmlands län
755,Långshyttan,Hedemora kommun,Dalarnas län
756,Långträsk,Piteå kommun,Norrbottens län
757,Långviksmon,Örnsköldsviks kommun,Västernorrlands län
758,Långås,Falkenbergs kommun,Hallands län
759,Läckeby,Kalmar kommun,Kalmar län
760,Länghem,Tranemo kommun,Västra Götalands län
761,Länna,Uppsala kommun,Uppsala län
762,Lärbro,Gotlands kommun,Gotlands län
763,Löberöd,Eslövs kommun,Skåne län
764,Löddeköpinge,Kävlinge kommun,Skåne län
765,Löderup,Ystads kommun,Skåne län
766,Lödöse,Lilla Edets kommun,Västra Götalands län
767,Lögdeå,Nordmalings kommun,Västerbottens län
768,Lönashult,Alvesta kommun,Kronobergs län
769,Lönneberga,Hultsfreds kommun,Kalmar län
770,Lönsboda,Osby kommun,Skåne län
771,Löttorp,Borgholms kommun,Kalmar län
772,Lövestad,Sjöbo kommun,Skåne län
773,Lövstabruk,Tierps kommun,Uppsala län
774,Lövånger,Skellefteå kommun,Västerbottens län
775,Lagan,Ljungby kommun,Kronobergs län
776,Laholm,Laholms kommun,Hallands län
777,Laisvall,Arjeplogs kommun,Norrbottens län
778,Lajksjöberg,Dorotea kommun,Västerbottens län
779,Lakene,Hagfors kommun,Värmlands län
780,Lammhult,Växjö kommun,Kronobergs län
781,Landeryd,Hylte kommun,Hallands län
782,Landsbro,Vetlanda kommun,Jönköpings län
783,Landskrona,Landskrona kommun,Skåne län
784,Landvetter,Härryda kommun,Västra Götalands län
785,Lannavaara,Kiruna kommun,Norrbottens län
786,Lansjärv,Överkalix kommun,Norrbottens län
787,Lappträsk,Haparanda kommun,Norrbottens län
788,Larv,Vara kommun,Västra Götalands län
789,Latikberg,Vilhelmina kommun,Västerbottens län
790,Lavsjön,Dorotea kommun,Västerbottens län
791,Laxå,Laxå kommun,Örebro län
792,Lekeryd,Jönköpings kommun,Jönköpings län
793,Leksand,Leksands kommun,Dalarnas län
794,Lenhovda,Uppvidinge kommun,Kronobergs län
795,Lerberget,Höganäs kommun,Skåne län
796,Lerdala,Skövde kommun,Västra Götalands län
797,Lerum,Lerums kommun,Västra Götalands län
798,Lesjöfors,Filipstads kommun,Värmlands län
799,Lessebo,Lessebo kommun,Kronobergs län
800,Liatorp,Älmhults kommun,Kronobergs län
801,Liden,Sundsvalls kommun,Västernorrlands län
802,Lidhult,Ljungby kommun,Kronobergs län
803,Lidingö,Lidingö kommun,Stockholms län
804,Lidköping,Lidköpings kommun,Västra Götalands län
805,Lidsjöberg,Strömsunds kommun,Jämtlands län
806,Likenäs,Torsby kommun,Värmlands län
807,Lilla Edet,Lilla Edets kommun,Västra Götalands län
808,Lillhärdal,Härjedalens kommun,Jämtlands län
809,Lillkyrka,Örebro kommun,Örebro län
810,Lillpite,Piteå kommun,Norrbottens län
811,Lima,Malung-Sälens kommun,Dalarnas län
812,Limhamn,Malmö kommun,Skåne län
813,Limmared,Tranemo kommun,Västra Götalands län
814,Linderöd,Kristianstads kommun,Skåne län
815,Lindesberg,Lindesbergs kommun,Örebro län
816,Lindome,Mölndals kommun,Västra Götalands län
817,Lindås,Emmaboda kommun,Kalmar län
818,Lingbo,Ockelbo kommun,Gävleborgs län
819,Linghed,Falu kommun,Dalarnas län
820,Linghem,Linköpings kommun,Östergötlands län
821,Linköping,Linköpings kommun,Östergötlands län
822,Linneryd,Tingsryds kommun,Kronobergs län
823,Listerby,Ronneby kommun,Blekinge län
824,Lit,Östersunds kommun,Jämtlands län
825,Ljugarn,Gotlands kommun,Gotlands län
826,Ljung,Herrljunga kommun,Västra Götalands län
827,Ljungaverk,Ånge kommun,Västernorrlands län
828,Ljungby,Ljungby kommun,Kronobergs län
829,Ljungbyhed,Klippans kommun,Skåne län
830,Ljungbyholm,Kalmar kommun,Kalmar län
831,Ljungdalen,Bergs kommun,Jämtlands län
832,Ljungsarp,Tranemo kommun,Västra Götalands län
833,Ljungsbro,Linköpings kommun,Östergötlands län
834,Ljungskile,Uddevalla kommun,Västra Götalands län
835,Ljusdal,Ljusdals kommun,Gävleborgs län
836,Ljusfallshammar,Finspångs kommun,Östergötlands län
837,Ljusne,Söderhamns kommun,Gävleborgs län
838,Ljusnedal,Härjedalens kommun,Jämtlands län
839,Ljusterö,Österåkers kommun,Stockholms län
840,Ljustorp,Timrå kommun,Västernorrlands län
841,Lofsdalen,Härjedalens kommun,Jämtlands län
842,Loftahammar,Västerviks kommun,Kalmar län
843,Lomma,Lomma kommun,Skåne län
844,Los,Ljusdals kommun,Gävleborgs län
845,Lotorp,Finspångs kommun,Östergötlands län
846,Lovikka,Pajala kommun,Norrbottens län
847,Ludvigsborg,Hörby kommun,Skåne län
848,Ludvika,Ludvika kommun,Dalarnas län
849,Lugnvik,Kramfors kommun,Västernorrlands län
850,Luleå,Luleå kommun,Norrbottens län
851,Lund,Lunds kommun,Skåne län
852,Lunde,Kramfors kommun,Västernorrlands län
853,Lundsbrunn,Götene kommun,Västra Götalands län
854,Lur,Tanums kommun,Västra Götalands län
855,Lycke,Kungälvs kommun,Västra Götalands län
856,Lyckeby,Karlskrona kommun,Blekinge län
857,Lycksele,Lycksele kommun,Västerbottens län
858,Lyrestad,Mariestads kommun,Västra Götalands län
859,Lysekil,Lysekils kommun,Västra Götalands län
860,Lysvik,Sunne kommun,Värmlands län
861,Målerås,Nybro kommun,Kalmar län
862,Målilla,Hultsfreds kommun,Kalmar län
863,Målsryd,Borås kommun,Västra Götalands län
864,Månkarbo,Tierps kommun,Uppsala län
865,Månsarp,Jönköpings kommun,Jönköpings län
866,Månstad,Tranemo kommun,Västra Götalands län
867,Mårdaklev,Svenljunga kommun,Västra Götalands län
868,Mårdsel,Gällivare kommun,Norrbottens län
869,Märsta,Sigtuna kommun,Stockholms län
870,Märsta Arlanda,Sigtuna kommun,Stockholms län
871,Möja,Värmdö kommun,Stockholms län
872,Möklinta,Sala kommun,Västmanlands län
873,Mölle,Höganäs kommun,Skåne län
874,Mölltorp,Karlsborgs kommun,Västra Götalands län
875,Mölnbo,Södertälje kommun,Stockholms län
876,Mölndal,Mölndals kommun,Västra Götalands län
877,Mölnlycke,Härryda kommun,Västra Götalands län
878,Mönsterås,Mönsterås kommun,Kalmar län
879,Mörarp,Helsingborgs kommun,Skåne län
880,Mörbylånga,Mörbylånga kommun,Kalmar län
881,Mörkö,Södertälje kommun,Stockholms län
882,Mörlunda,Hultsfreds kommun,Kalmar län
883,Mörrum,Karlshamns kommun,Blekinge län
884,Mörsil,Åre kommun,Jämtlands län
885,Malgomaj,Vilhelmina kommun,Västerbottens län
886,Malmö,Malmö kommun,Skåne län
887,Malmö-Sturup,Svedala kommun,Skåne län
888,Malmberget,Gällivare kommun,Norrbottens län
889,Malmbäck,Nässjö kommun,Jönköpings län
890,Malmköping,Flens kommun,Södermanlands län
891,Malung,Malung-Sälens kommun,Dalarnas län
892,Malungsfors,Malung-Sälens kommun,Dalarnas län
893,Malå,Malå kommun,Västerbottens län
894,Mangskog,Arvika kommun,Värmlands län
895,Mantorp,Mjölby kommun,Östergötlands län
896,Marbäck,Ulricehamns kommun,Västra Götalands län
897,Mariannelund,Eksjö kommun,Jönköpings län
898,Mariedamm,Askersunds kommun,Örebro län
899,Mariefred,Strängnäs kommun,Södermanlands län
900,Marieholm,Eslövs kommun,Skåne län
901,Marieholmsbruk,Gnosjö kommun,Jönköpings län
902,Mariestad,Mariestads kommun,Västra Götalands län
903,Markaryd,Markaryds kommun,Kronobergs län
904,Marmaverken,Söderhamns kommun,Gävleborgs län
905,Marsfjäll,Vilhelmina kommun,Västerbottens län
906,Marstrand,Kungälvs kommun,Västra Götalands län
907,Matfors,Sundsvalls kommun,Västernorrlands län
908,Mattisudden,Jokkmokks kommun,Norrbottens län
909,Mattmar,Åre kommun,Jämtlands län
910,Mellansel,Örnsköldsviks kommun,Västernorrlands län
911,Mellanström,Arjeplogs kommun,Norrbottens län
912,Mellbystrand,Laholms kommun,Hallands län
913,Mellerud,Melleruds kommun,Västra Götalands län
914,Mellösa,Flens kommun,Södermanlands län
915,Mjällom,Kramfors kommun,Västernorrlands län
916,Mjöbäck,Svenljunga kommun,Västra Götalands län
917,Mjöhult,Höganäs kommun,Skåne län
918,Mjölby,Mjölby kommun,Östergötlands län
919,Mockfjärd,Gagnefs kommun,Dalarnas län
920,Moheda,Alvesta kommun,Kronobergs län
921,Moholm,Töreboda kommun,Västra Götalands län
922,Moliden,Örnsköldsviks kommun,Västernorrlands län
923,Molkom,Karlstads kommun,Värmlands län
924,Mollösund,Orusts kommun,Västra Götalands län
925,Mora,Mora kommun,Dalarnas län
926,Morgongåva,Heby kommun,Uppsala län
927,Morjärv,Kalix kommun,Norrbottens län
928,Morokulien,Eda kommun,Värmlands län
929,Morup,Falkenbergs kommun,Hallands län
930,Moskosel,Arvidsjaurs kommun,Norrbottens län
931,Motala,Motala kommun,Östergötlands län
932,Mullhyttan,Lekebergs kommun,Örebro län
933,Mullsjö,Mullsjö kommun,Jönköpings län
934,Munka-Ljungby,Ängelholms kommun,Skåne län
935,Munkedal,Munkedals kommun,Västra Götalands län
936,Munkfors,Munkfors kommun,Värmlands län
937,Munsö,Ekerö kommun,Stockholms län
938,Muodoslompolo,Pajala kommun,Norrbottens län
939,Murjek,Jokkmokks kommun,Norrbottens län
940,Muskö,Haninge kommun,Stockholms län
941,Myggenäs,Tjörns kommun,Västra Götalands län
942,Myresjö,Vetlanda kommun,Jönköpings län
943,Nås,Vansbro kommun,Dalarnas län
944,Nälden,Krokoms kommun,Jämtlands län
945,Nämdö,Värmdö kommun,Stockholms län
946,Närkesberg,Askersunds kommun,Örebro län
947,Näshulta,Eskilstuna kommun,Södermanlands län
948,Nässjö,Nässjö kommun,Jönköpings län
949,Näsum,Bromölla kommun,Skåne län
950,Näsviken,Hudiksvalls kommun,Gävleborgs län
951,Näsåker,Sollefteå kommun,Västernorrlands län
952,Nättraby,Karlskrona kommun,Blekinge län
953,Nävekvarn,Nyköpings kommun,Södermanlands län
954,Nävlinge,Hässleholms kommun,Skåne län
955,Nödinge,Ale kommun,Västra Götalands län
956,Nösund,Orusts kommun,Västra Götalands län
957,Nacka,Nacka kommun,Stockholms län
958,Nacka Strand,Nacka kommun,Stockholms län
959,Nattavaara,Gällivare kommun,Norrbottens län
960,Nattavaaraby,Gällivare kommun,Norrbottens län
961,Niemisel,Luleå kommun,Norrbottens län
962,Nikkala,Haparanda kommun,Norrbottens län
963,Nissafors,Gnosjö kommun,Jönköpings län
964,Nittorp,Tranemo kommun,Västra Götalands län
965,Njurunda,Sundsvalls kommun,Västernorrlands län
966,Njutånger,Hudiksvalls kommun,Gävleborgs län
967,Nol,Ale kommun,Västra Götalands län
968,Nora,Nora kommun,Örebro län
969,Noraström,Kramfors kommun,Västernorrlands län
970,Norberg,Norbergs kommun,Västmanlands län
971,Nordingrå,Kramfors kommun,Västernorrlands län
972,Nordkoster,Strömstads kommun,Västra Götalands län
973,Nordmaling,Nordmalings kommun,Västerbottens län
974,Nordmarkshyttan,Filipstads kommun,Värmlands län
975,Norra Sorunda,Nynäshamns kommun,Stockholms län
976,Norrahammar,Jönköpings kommun,Jönköpings län
977,Norrala,Söderhamns kommun,Gävleborgs län
978,Norrby,Haninge kommun,Stockholms län
979,Norrfjärden,Piteå kommun,Norrbottens län
980,Norrfors,Nordmalings kommun,Västerbottens län
981,Norrhult,Uppvidinge kommun,Kronobergs län
982,Norrköping,Norrköpings kommun,Östergötlands län
983,Norrsundet,Gävle kommun,Gävleborgs län
984,Norrtälje,Norrtälje kommun,Stockholms län
985,Norråker,Strömsunds kommun,Jämtlands län
986,Norsborg,Botkyrka kommun,Stockholms län
987,Norsholm,Norrköpings kommun,Östergötlands län
988,Norsjö,Norsjö kommun,Västerbottens län
989,Nossebro,Essunga kommun,Västra Götalands län
990,Nusnäs,Mora kommun,Dalarnas län
991,Nybro,Nybro kommun,Kalmar län
992,Nybrostrand,Ystads kommun,Skåne län
993,Nye,Vetlanda kommun,Jönköpings län
994,Nygård,Lilla Edets kommun,Västra Götalands län
995,Nyhammar,Ludvika kommun,Dalarnas län
996,Nyhamnsläge,Höganäs kommun,Skåne län
997,Nykil,Linköpings kommun,Östergötlands län
998,Nykroppa,Filipstads kommun,Värmlands län
999,Nykvarn,Nykvarns kommun,Stockholms län
1000,Nyköping,Nyköpings kommun,Södermanlands län
1001,Nyland,Kramfors kommun,Västernorrlands län
1002,Nymölla,Bromölla kommun,Skåne län
1003,Nynäshamn,Nynäshamns kommun,Stockholms län
1004,Nyvång,Åstorps kommun,Skåne län
1005,Nyåker,Nordmalings kommun,Västerbottens län
1006,Obbola,Umeå kommun,Västerbottens län
1007,Ockelbo,Ockelbo kommun,Gävleborgs län
1008,Odensbacken,Örebro kommun,Örebro län
1009,Offerdal,Krokoms kommun,Jämtlands län
1010,Olofstorp,Göteborgs kommun,Västra Götalands län
1011,Olofström,Olofströms kommun,Blekinge län
1012,Olsfors,Bollebygds kommun,Västra Götalands län
1013,Onsala,Kungsbacka kommun,Hallands län
1014,Ormaryd,Nässjö kommun,Jönköpings län
1015,Ornö,Haninge kommun,Stockholms län
1016,Orrefors,Nybro kommun,Kalmar län
1017,Orrviken,Östersunds kommun,Jämtlands län
1018,Orsa,Orsa kommun,Dalarnas län
1019,Osby,Osby kommun,Skåne län
1020,Oskarshamn,Oskarshamns kommun,Kalmar län
1021,Oskarström,Halmstads kommun,Hallands län
1022,Otterbäcken,Gullspångs kommun,Västra Götalands län
1023,Oviken,Bergs kommun,Jämtlands län
1024,Oxelösund,Oxelösunds kommun,Södermanlands län
1025,Oxie,Malmö kommun,Skåne län
1026,Påarp,Helsingborgs kommun,Skåne län
1027,Pålsboda,Hallsbergs kommun,Örebro län
1028,Påläng,Kalix kommun,Norrbottens län
1029,Påryd,Kalmar kommun,Kalmar län
1030,Påskallavik,Oskarshamns kommun,Kalmar län
1031,Pajala,Pajala kommun,Norrbottens län
1032,Partille,Partille kommun,Västra Götalands län
1033,Pauliström,Vetlanda kommun,Jönköpings län
1034,Pello,Övertorneå kommun,Norrbottens län
1035,Perstorp,Perstorps kommun,Skåne län
1036,Pilgrimstad,Bräcke kommun,Jämtlands län
1037,Piteå,Piteå kommun,Norrbottens län
1038,Pixbo,Härryda kommun,Västra Götalands län
1039,Porjus,Jokkmokks kommun,Norrbottens län
1040,Prässebo,Lilla Edets kommun,Västra Götalands län
1041,Puoltikasvaara,Gällivare kommun,Norrbottens län
1042,Rabbalshede,Tanums kommun,Västra Götalands län
1043,Ramdala,Karlskrona kommun,Blekinge län
1044,Ramkvilla,Vetlanda kommun,Jönköpings län
1045,Ramlösa,Helsingborgs kommun,Skåne län
1046,Ramnäs,Surahammars kommun,Västmanlands län
1047,Ramsberg,Lindesbergs kommun,Örebro län
1048,Ramsele,Sollefteå kommun,Västernorrlands län
1049,Ramsjö,Ljusdals kommun,Gävleborgs län
1050,Ramvik,Härnösands kommun,Västernorrlands län
1051,Randijaur,Jokkmokks kommun,Norrbottens län
1052,Ransta,Sala kommun,Västmanlands län
1053,Ransäter,Munkfors kommun,Värmlands län
1054,Reftele,Gislaveds kommun,Jönköpings län
1055,Rejmyre,Finspångs kommun,Östergötlands län
1056,Rengsjö,Bollnäs kommun,Gävleborgs län
1057,Rentjärn,Malå kommun,Västerbottens län
1058,Resö,Tanums kommun,Västra Götalands län
1059,Riddarhyttan,Skinnskattebergs kommun,Västmanlands län
1060,Riksgränsen,Kiruna kommun,Norrbottens län
1061,Rimbo,Norrtälje kommun,Stockholms län
1062,Rimforsa,Kinda kommun,Östergötlands län
1063,Ringarum,Valdemarsviks kommun,Östergötlands län
1064,Rinkaby,Kristianstads kommun,Skåne län
1065,Risbäck,Dorotea kommun,Västerbottens län
1066,Risögrund,Kalix kommun,Norrbottens län
1067,Robertsfors,Robertsfors kommun,Västerbottens län
1068,Rockneby,Kalmar kommun,Kalmar län
1069,Roknäs,Piteå kommun,Norrbottens län
1070,Rolfstorp,Varbergs kommun,Hallands län
1071,Romakloster,Gotlands kommun,Gotlands län
1072,Romelanda,Kungälvs kommun,Västra Götalands län
1073,Ronneby,Ronneby kommun,Blekinge län
1074,Rosenfors,Hultsfreds kommun,Kalmar län
1075,Rosersberg,Sigtuna kommun,Stockholms län
1076,Rossön,Strömsunds kommun,Jämtlands län
1077,Rosvik,Piteå kommun,Norrbottens län
1078,Rottne,Växjö kommun,Kronobergs län
1079,Rottneros,Sunne kommun,Värmlands län
1080,Ruda,Högsby kommun,Kalmar län
1081,Rundvik,Nordmalings kommun,Västerbottens län
1082,Runhällen,Heby kommun,Uppsala län
1083,Runmarö,Värmdö kommun,Stockholms län
1084,Rusksele,Lycksele kommun,Västerbottens län
1085,Ryd,Tingsryds kommun,Kronobergs län
1086,Rydaholm,Värnamo kommun,Jönköpings län
1087,Rydal,Marks kommun,Västra Götalands län
1088,Rydboholm,Borås kommun,Västra Götalands län
1089,Rydebäck,Helsingborgs kommun,Skåne län
1090,Rydsgård,Skurups kommun,Skåne län
1091,Rydöbruk,Hylte kommun,Hallands län
1092,Ryssby,Ljungby kommun,Kronobergs län
1093,Råda,Hagfors kommun,Värmlands län
1094,Råneå,Luleå kommun,Norrbottens län
1095,Rångedala,Borås kommun,Västra Götalands län
1096,Rånäs,Norrtälje kommun,Stockholms län
1097,Råå,Helsingborgs kommun,Skåne län
1098,Rätan,Bergs kommun,Jämtlands län
1099,Rättvik,Rättviks kommun,Dalarnas län
1100,Rävlanda,Härryda kommun,Västra Götalands län
1101,Röbäck,Umeå kommun,Västerbottens län
1102,Rödeby,Karlskrona kommun,Blekinge län
1103,Röfors,Laxå kommun,Örebro län
1104,Röke,Hässleholms kommun,Skåne län
1105,Rökå,Malå kommun,Västerbottens län
1106,Rönneshytta,Askersunds kommun,Örebro län
1107,Rönninge,Salems kommun,Stockholms län
1108,Rönnäng,Tjörns kommun,Västra Götalands län
1109,Rörvik,Sävsjö kommun,Jönköpings län
1110,Rörö,Öckerö kommun,Västra Götalands län
1111,Röstånga,Svalövs kommun,Skåne län
1112,Sala,Sala kommun,Västmanlands län
1113,Salbohed,Sala kommun,Västmanlands län
1114,Saltsjö-Boo,Nacka kommun,Stockholms län
1115,Saltsjö-Duvnäs,Nacka kommun,Stockholms län
1116,Saltsjöbaden,Nacka kommun,Stockholms län
1117,Sandared,Borås kommun,Västra Götalands län
1118,Sandarne,Söderhamns kommun,Gävleborgs län
1119,Sandhamn,Värmdö kommun,Stockholms län
1120,Sandhem,Mullsjö kommun,Jönköpings län
1121,Sandhult,Borås kommun,Västra Götalands län
1122,Sandsjöfors,Nässjö kommun,Jönköpings län
1123,Sandviken,Sandvikens kommun,Gävleborgs län
1124,Sandöverken,Kramfors kommun,Västernorrlands län
1125,Sangis,Kalix kommun,Norrbottens län
1126,Sankt Anna,Söderköpings kommun,Östergötlands län
1127,Sankt Ibb,Landskrona kommun,Skåne län
1128,Sankt Olof,Simrishamns kommun,Skåne län
1129,Saxdalen,Ludvika kommun,Dalarnas län
1130,Saxtorp,Landskrona kommun,Skåne län
1131,Segeltorp,Huddinge kommun,Stockholms län
1132,Segersta,Bollnäs kommun,Gävleborgs län
1133,Segersäng,Nynäshamns kommun,Stockholms län
1134,Seglora,Borås kommun,Västra Götalands län
1135,Segmon,Grums kommun,Värmlands län
1136,Sennan,Halmstads kommun,Hallands län
1137,Seskarö,Haparanda kommun,Norrbottens län
1138,Sexdrega,Svenljunga kommun,Västra Götalands län
1139,Sibbhult,Östra Göinge kommun,Skåne län
1140,Sidensjö,Örnsköldsviks kommun,Västernorrlands län
1141,Sifferbo,Gagnefs kommun,Dalarnas län
1142,Sigtuna,Sigtuna kommun,Stockholms län
1143,Sikfors,Piteå kommun,Norrbottens län
1144,Siljansnäs,Leksands kommun,Dalarnas län
1145,Silverdalen,Hultsfreds kommun,Kalmar län
1146,Simlångsdalen,Halmstads kommun,Hallands län
1147,Simrishamn,Simrishamns kommun,Skåne län
1148,Själevad,Örnsköldsviks kommun,Västernorrlands län
1149,Sjöbo,Sjöbo kommun,Skåne län
1150,Sjömarken,Borås kommun,Västra Götalands län
1151,Sjötofta,Tranemo kommun,Västra Götalands län
1152,Sjötorp,Mariestads kommun,Västra Götalands län
1153,Sjövik,Lerums kommun,Västra Götalands län
1154,Sjulsmark,Piteå kommun,Norrbottens län
1155,Sjuntorp,Trollhättans kommun,Västra Götalands län
1156,Skå,Ekerö kommun,Stockholms län
1157,Skåne-Tranås,Tomelilla kommun,Skåne län
1158,Skånes Fagerhult,Örkelljunga kommun,Skåne län
1159,Skåpafors,Bengtsfors kommun,Västra Götalands län
1160,Skällinge,Varbergs kommun,Hallands län
1161,Skälvik,Värmdö kommun,Stockholms län
1162,Skänninge,Mjölby kommun,Östergötlands län
1163,Skärblacka,Norrköpings kommun,Östergötlands län
1164,Skäret,Höganäs kommun,Skåne län
1165,Skärhamn,Tjörns kommun,Västra Götalands län
1166,Skärholmen,Stockholms kommun,Stockholms län
1167,Skärplinge,Tierps kommun,Uppsala län
1168,Sköldinge,Katrineholms kommun,Södermanlands län
1169,Sköllersta,Hallsbergs kommun,Örebro län
1170,Sköndal,Stockholms kommun,Stockholms län
1171,Skövde,Skövde kommun,Västra Götalands län
1172,Skagersvik,Gullspångs kommun,Västra Götalands län
1173,Skanör,Vellinge kommun,Skåne län
1174,Skara,Skara kommun,Västra Götalands län
1175,Skarpnäck,Stockholms kommun,Stockholms län
1176,Skattkärr,Karlstads kommun,Värmlands län
1177,Skattungbyn,Orsa kommun,Dalarnas län
1178,Skaulo,Gällivare kommun,Norrbottens län
1179,Skebobruk,Norrtälje kommun,Stockholms län
1180,Skee,Strömstads kommun,Västra Götalands län
1181,Skelleftehamn,Skellefteå kommun,Västerbottens län
1182,Skellefteå,Skellefteå kommun,Västerbottens län
1183,Skene,Marks kommun,Västra Götalands län
1184,Skephult,Marks kommun,Västra Götalands län
1185,Skepplanda,Ale kommun,Västra Götalands län
1186,Skeppshult,Gislaveds kommun,Jönköpings län
1187,Skillingaryd,Vaggeryds kommun,Jönköpings län
1188,Skillinge,Simrishamns kommun,Skåne län
1189,Skillingsfors,Eda kommun,Värmlands län
1190,Skinnskatteberg,Skinnskattebergs kommun,Västmanlands län
1191,Skivarp,Skurups kommun,Skåne län
1192,Skog,Kramfors kommun,Västernorrlands län
1193,Skoghall,Hammarö kommun,Värmlands län
1194,Skogstorp,Eskilstuna kommun,Södermanlands län
1195,Skogås,Huddinge kommun,Stockholms län
1196,Skokloster,Håbo kommun,Uppsala län
1197,Skorped,Örnsköldsviks kommun,Västernorrlands län
1198,Skottorp,Laholms kommun,Hallands län
1199,Skruv,Lessebo kommun,Kronobergs län
1200,Skultuna,Västerås kommun,Västmanlands län
1201,Skummeslövsstrand,Laholms kommun,Hallands län
1202,Skurup,Skurups kommun,Skåne län
1203,Skutskär,Älvkarleby kommun,Uppsala län
1204,Skyllberg,Askersunds kommun,Örebro län
1205,Skyttorp,Uppsala kommun,Uppsala län
1206,Slagnäs,Arjeplogs kommun,Norrbottens län
1207,Slöinge,Falkenbergs kommun,Hallands län
1208,Slite,Gotlands kommun,Gotlands län
1209,Slottsbron,Grums kommun,Värmlands län
1210,Slussfors,Storumans kommun,Västerbottens län
1211,Slutarp,Falköpings kommun,Västra Götalands län
1212,Smedjebacken,Smedjebackens kommun,Dalarnas län
1213,Smedstorp,Tomelilla kommun,Skåne län
1214,Smygehamn,Trelleborgs kommun,Skåne län
1215,Smålandsstenar,Gislaveds kommun,Jönköpings län
1216,Smögen,Sotenäs kommun,Västra Götalands län
1217,Snesudden,Jokkmokks kommun,Norrbottens län
1218,Solberg,Örnsköldsviks kommun,Västernorrlands län
1219,Solberga,Nässjö kommun,Jönköpings län
1220,Sollebrunn,Alingsås kommun,Västra Götalands län
1221,Sollefteå,Sollefteå kommun,Västernorrlands län
1222,Sollenkroka Ö,Värmdö kommun,Stockholms län
1223,Sollentuna,Sollentuna kommun,Stockholms län
1224,Sollerön,Mora kommun,Dalarnas län
1225,Solna,Solna kommun,Stockholms län
1226,Sommen,Tranås kommun,Jönköpings län
1227,Sorsele,Sorsele kommun,Västerbottens län
1228,Sorunda,Nynäshamns kommun,Stockholms län
1229,Sparreholm,Flens kommun,Södermanlands län
1230,Sparsör,Borås kommun,Västra Götalands län
1231,Spekeröd,Stenungsunds kommun,Västra Götalands län
1232,Spånga,Stockholms kommun,Stockholms län
1233,Staffanstorp,Staffanstorps kommun,Skåne län
1234,Stallarholmen,Strängnäs kommun,Södermanlands län
1235,Stavsjö,Nyköpings kommun,Södermanlands län
1236,Stavsnäs,Värmdö kommun,Stockholms län
1237,Stavsudda,Värmdö kommun,Stockholms län
1238,Stehag,Eslövs kommun,Skåne län
1239,Stenhamra,Ekerö kommun,Stockholms län
1240,Steninge,Halmstads kommun,Hallands län
1241,Steningehöjden,Sigtuna kommun,Stockholms län
1242,Stenkullen,Lerums kommun,Västra Götalands län
1243,Stensele,Storumans kommun,Västerbottens län
1244,Stensjön,Nässjö kommun,Jönköpings län
1245,Stenstorp,Falköpings kommun,Västra Götalands län
1246,Stenungsund,Stenungsunds kommun,Västra Götalands län
1247,Stigen,Färgelanda kommun,Västra Götalands län
1248,Stigtomta,Nyköpings kommun,Södermanlands län
1249,Stillingsön,Orusts kommun,Västra Götalands län
1250,Stjärnhov,Gnesta kommun,Södermanlands län
1251,Stjärnsund,Hedemora kommun,Dalarnas län
1252,Stoby,Hässleholms kommun,Skåne län
1253,Stocka,Nordanstigs kommun,Gävleborgs län
1254,Stockamöllan,Eslövs kommun,Skåne län
1255,Stockaryd,Sävsjö kommun,Jönköpings län
1256,Stockholm,Stockholms kommun,Stockholms län
1257,Stockholm-Arlanda,Sigtuna kommun,Stockholms län
1258,Stockholm-Globen,Stockholms kommun,Stockholms län
1259,Stocksund,Danderyds kommun,Stockholms län
1260,Stora Blåsjön,Strömsunds kommun,Jämtlands län
1261,Stora Höga,Stenungsunds kommun,Västra Götalands län
1262,Stora Levene,Vara kommun,Västra Götalands län
1263,Stora Mellösa,Örebro kommun,Örebro län
1264,Stora Skedvi,Säters kommun,Dalarnas län
1265,Stora Sundby,Eskilstuna kommun,Södermanlands län
1266,Stora Vika,Nynäshamns kommun,Stockholms län
1267,Storebro,Vimmerby kommun,Kalmar län
1268,Storfors,Storfors kommun,Värmlands län
1269,Storlien,Åre kommun,Jämtlands län
1270,Storseleby,Vilhelmina kommun,Västerbottens län
1271,Storsjö Kapell,Bergs kommun,Jämtlands län
1272,Storsund,Piteå kommun,Norrbottens län
1273,Storuman,Storumans kommun,Västerbottens län
1274,Storvik,Sandvikens kommun,Gävleborgs län
1275,Storvreta,Uppsala kommun,Uppsala län
1276,Storå,Lindesbergs kommun,Örebro län
1277,Stråssa,Lindesbergs kommun,Örebro län
1278,Stråtjära,Söderhamns kommun,Gävleborgs län
1279,Stråvalla,Varbergs kommun,Hallands län
1280,Strängnäs,Strängnäs kommun,Södermanlands län
1281,Strömsbergs Bruk,Tierps kommun,Uppsala län
1282,Strömsbruk,Nordanstigs kommun,Gävleborgs län
1283,Strömsholm,Hallstahammars kommun,Västmanlands län
1284,Strömsnäsbruk,Markaryds kommun,Kronobergs län
1285,Strömstad,Strömstads kommun,Västra Götalands län
1286,Strömsund,Strömsunds kommun,Jämtlands län
1287,Strövelstorp,Ängelholms kommun,Skåne län
1288,Strandbaden,Höganäs kommun,Skåne län
1289,Stugun,Ragunda kommun,Jämtlands län
1290,Sturefors,Linköpings kommun,Östergötlands län
1291,Sturkö,Karlskrona kommun,Blekinge län
1292,Styrsö,Göteborgs kommun,Västra Götalands län
1293,Stånga,Gotlands kommun,Gotlands län
1294,Ställdalen,Ljusnarsbergs kommun,Örebro län
1295,Stöde,Sundsvalls kommun,Västernorrlands län
1296,Stöllet,Torsby kommun,Värmlands län
1297,Sundborn,Falu kommun,Dalarnas län
1298,Sundbyberg,Sundbybergs kommun,Stockholms län
1299,Sundsbruk,Sundsvalls kommun,Västernorrlands län
1300,Sundsvall,Sundsvalls kommun,Västernorrlands län
1301,Sunhultsbrunn,Aneby kommun,Jönköpings län
1302,Sunnansjö,Ludvika kommun,Dalarnas län
1303,Sunne,Sunne kommun,Värmlands län
1304,Sunnemo,Hagfors kommun,Värmlands län
1305,Surahammar,Surahammars kommun,Västmanlands län
1306,Surte,Ale kommun,Västra Götalands län
1307,Svängsta,Karlshamns kommun,Blekinge län
1308,Svärdsjö,Falu kommun,Dalarnas län
1309,Svärtinge,Norrköpings kommun,Östergötlands län
1310,Svalöv,Svalövs kommun,Skåne län
1311,Svanavattnet,Dorotea kommun,Västerbottens län
1312,Svaneholm,Borås kommun,Västra Götalands län
1313,Svanesund,Orusts kommun,Västra Götalands län
1314,Svanskog,Säffle kommun,Värmlands län
1315,Svappavaara,Kiruna kommun,Norrbottens län
1316,Svartsjö,Ekerö kommun,Stockholms län
1317,Svartå,Degerfors kommun,Örebro län
1318,Svedala,Svedala kommun,Skåne län
1319,Sveg,Härjedalens kommun,Jämtlands län
1320,Svenljunga,Svenljunga kommun,Västra Götalands län
1321,Svensbyn,Piteå kommun,Norrbottens län
1322,Svenshögen,Stenungsunds kommun,Västra Götalands län
1323,Svenstavik,Bergs kommun,Jämtlands län
1324,Sydkoster,Strömstads kommun,Västra Götalands län
1325,Sysslebäck,Torsby kommun,Värmlands län
1326,Sågmyra,Falu kommun,Dalarnas län
1327,Såtenäs,Lidköpings kommun,Västra Götalands län
1328,Säffle,Säffle kommun,Värmlands län
1329,Sälen,Malung-Sälens kommun,Dalarnas län
1330,Särna,Älvdalens kommun,Dalarnas län
1331,Särö,Kungsbacka kommun,Hallands län
1332,Säter,Säters kommun,Dalarnas län
1333,Sätila,Marks kommun,Västra Götalands län
1334,Sävar,Umeå kommun,Västerbottens län
1335,Säve,Göteborgs kommun,Västra Götalands län
1336,Sävedalen,Partille kommun,Västra Götalands län
1337,Sävsjö,Sävsjö kommun,Jönköpings län
1338,Sävsjöström,Uppvidinge kommun,Kronobergs län
1339,Söderala,Söderhamns kommun,Gävleborgs län
1340,Söderby,Haninge kommun,Stockholms län
1341,Söderbärke,Smedjebackens kommun,Dalarnas län
1342,Söderfors,Tierps kommun,Uppsala län
1343,Söderhamn,Söderhamns kommun,Gävleborgs län
1344,Söderköping,Söderköpings kommun,Östergötlands län
1345,Södertälje,Södertälje kommun,Stockholms län
1346,Söderåkra,Torsås kommun,Kalmar län
1347,Södra Sandby,Lunds kommun,Skåne län
1348,Södra Sunderbyn,Luleå kommun,Norrbottens län
1349,Södra Vi,Vimmerby kommun,Kalmar län
1350,Sölvesborg,Sölvesborgs kommun,Blekinge län
1351,Sörberge,Timrå kommun,Västernorrlands län
1352,Sörbygden,Bräcke kommun,Jämtlands län
1353,Sörsjön,Malung-Sälens kommun,Dalarnas län
1354,Söråker,Timrå kommun,Västernorrlands län
1355,Sösdala,Hässleholms kommun,Skåne län
1356,Sövde,Sjöbo kommun,Skåne län
1357,Taberg,Jönköpings kommun,Jönköpings län
1358,Tallåsen,Ljusdals kommun,Gävleborgs län
1359,Tandsbyn,Östersunds kommun,Jämtlands län
1360,Tanumshede,Tanums kommun,Västra Götalands län
1361,Tavelsjö,Umeå kommun,Västerbottens län
1362,Teckomatorp,Svalövs kommun,Skåne län
1363,Tenhult,Jönköpings kommun,Jönköpings län
1364,Tibro,Tibro kommun,Västra Götalands län
1365,Tidaholm,Tidaholms kommun,Västra Götalands län
1366,Tidan,Skövde kommun,Västra Götalands län
1367,Tierp,Tierps kommun,Uppsala län
1368,Timmele,Ulricehamns kommun,Västra Götalands län
1369,Timmernabben,Mönsterås kommun,Kalmar län
1370,Timmersdala,Skövde kommun,Västra Götalands län
1371,Timrå,Timrå kommun,Västernorrlands län
1372,Tingsryd,Tingsryds kommun,Kronobergs län
1373,Tingstäde,Gotlands kommun,Gotlands län
1374,Tived,Laxå kommun,Örebro län
1375,Tjällmo,Motala kommun,Östergötlands län
1376,Tjörnarp,Höörs kommun,Skåne län
1377,Tjureda,Växjö kommun,Kronobergs län
1378,Tjurkö,Karlskrona kommun,Blekinge län
1379,Tobo,Tierps kommun,Uppsala län
1380,Tolg,Växjö kommun,Kronobergs län
1381,Tollarp,Kristianstads kommun,Skåne län
1382,Tollered,Lerums kommun,Västra Götalands län
1383,Tomelilla,Tomelilla kommun,Skåne län
1384,Tommarp,Simrishamns kommun,Skåne län
1385,Tomteboda,Solna kommun,Stockholms län
1386,Torekov,Båstads kommun,Skåne län
1387,Torestorp,Marks kommun,Västra Götalands län
1388,Torhamn,Karlskrona kommun,Blekinge län
1389,Tormestorp,Hässleholms kommun,Skåne län
1390,Torna-Hällestad,Lunds kommun,Skåne län
1391,Torpsbruk,Alvesta kommun,Kronobergs län
1392,Torpshammar,Ånge kommun,Västernorrlands län
1393,Torsby,Torsby kommun,Värmlands län
1394,Torshälla,Eskilstuna kommun,Södermanlands län
1395,Torslanda,Göteborgs kommun,Västra Götalands län
1396,Torsåker,Hofors kommun,Gävleborgs län
1397,Torsås,Torsås kommun,Kalmar län
1398,Torsö,Mariestads kommun,Västra Götalands län
1399,Torup,Hylte kommun,Hallands län
1400,Tostared,Marks kommun,Västra Götalands län
1401,Totebo,Västerviks kommun,Kalmar län
1402,Trångsund,Huddinge kommun,Stockholms län
1403,Trångsviken,Krokoms kommun,Jämtlands län
1404,Tråvad,Vara kommun,Västra Götalands län
1405,Trädet,Ulricehamns kommun,Västra Götalands län
1406,Träslövsläge,Varbergs kommun,Hallands län
1407,Trönödal,Söderhamns kommun,Gävleborgs län
1408,Tranemo,Tranemo kommun,Västra Götalands län
1409,Transtrand,Malung-Sälens kommun,Dalarnas län
1410,Tranås,Tranås kommun,Jönköpings län
1411,Traryd,Markaryds kommun,Kronobergs län
1412,Trehörningsjö,Örnsköldsviks kommun,Västernorrlands län
1413,Trekanten,Kalmar kommun,Kalmar län
1414,Trelleborg,Trelleborgs kommun,Skåne län
1415,Trensum,Karlshamns kommun,Blekinge län
1416,Trollhättan,Trollhättans kommun,Västra Götalands län
1417,Trosa,Trosa kommun,Södermanlands län
1418,Tullinge,Botkyrka kommun,Stockholms län
1419,Tumba,Botkyrka kommun,Stockholms län
1420,Tun,Lidköpings kommun,Västra Götalands län
1421,Tungelsta,Haninge kommun,Stockholms län
1422,Tving,Karlskrona kommun,Blekinge län
1423,Tvååker,Varbergs kommun,Hallands län
1424,Tvärred,Ulricehamns kommun,Västra Götalands län
1425,Tvärålund,Vindelns kommun,Västerbottens län
1426,Tygelsjö,Malmö kommun,Skåne län
1427,Tyresö,Tyresö kommun,Stockholms län
1428,Tyringe,Hässleholms kommun,Skåne län
1429,Tystberga,Nyköpings kommun,Södermanlands län
1430,Tågarp,Svalövs kommun,Skåne län
1431,Täby,Täby kommun,Stockholms län
1432,Täfteå,Umeå kommun,Västerbottens län
1433,Tällberg,Leksands kommun,Dalarnas län
1434,Tänndalen,Härjedalens kommun,Jämtlands län
1435,Tännäs,Härjedalens kommun,Jämtlands län
1436,Tärendö,Pajala kommun,Norrbottens län
1437,Tärnaby,Storumans kommun,Västerbottens län
1438,Tärnsjö,Heby kommun,Uppsala län
1439,Tävelsås,Växjö kommun,Kronobergs län
1440,Töcksfors,Årjängs kommun,Värmlands län
1441,Töllsjö,Bollebygds kommun,Västra Götalands län
1442,Töre,Kalix kommun,Norrbottens län
1443,Töreboda,Töreboda kommun,Västra Götalands län
1444,Tösse,Åmåls kommun,Västra Götalands län
1445,Ucklum,Stenungsunds kommun,Västra Götalands län
1446,Uddebo,Tranemo kommun,Västra Götalands län
1447,Uddeholm,Hagfors kommun,Värmlands län
1448,Uddevalla,Uddevalla kommun,Västra Götalands län
1449,Ugglarp,Falkenbergs kommun,Hallands län
1450,Ullared,Falkenbergs kommun,Hallands län
1451,Ullatti,Gällivare kommun,Norrbottens län
1452,Ullånger,Kramfors kommun,Västernorrlands län
1453,Ulricehamn,Ulricehamns kommun,Västra Götalands län
1454,Ulrika,Linköpings kommun,Östergötlands län
1455,Ulvöhamn,Örnsköldsviks kommun,Västernorrlands län
1456,Umeå,Umeå kommun,Västerbottens län
1457,Undenäs,Karlsborgs kommun,Västra Götalands län
1458,Undersåker,Åre kommun,Jämtlands län
1459,Undrom,Sollefteå kommun,Västernorrlands län
1460,Unnaryd,Hylte kommun,Hallands län
1461,Upphärad,Trollhättans kommun,Västra Götalands län
1462,Upplands Väsby,Upplands Väsbys kommun,Stockholms län
1463,Uppsala,Uppsala kommun,Uppsala län
1464,Urshult,Tingsryds kommun,Kronobergs län
1465,Ursviken,Skellefteå kommun,Västerbottens län
1466,Uråsa,Växjö kommun,Kronobergs län
1467,Utansjö,Härnösands kommun,Västernorrlands län
1468,Uttran,Botkyrka kommun,Stockholms län
1469,Utö,Haninge kommun,Stockholms län
1470,Vadstena,Vadstena kommun,Östergötlands län
1471,Vaggeryd,Vaggeryds kommun,Jönköpings län
1472,Vagnhärad,Trosa kommun,Södermanlands län
1473,Valbo,Gävle kommun,Gävleborgs län
1474,Valdemarsvik,Valdemarsviks kommun,Östergötlands län
1475,Valla,Katrineholms kommun,Södermanlands län
1476,Vallberga,Laholms kommun,Hallands län
1477,Vallda,Kungsbacka kommun,Hallands län
1478,Vallentuna,Vallentuna kommun,Stockholms län
1479,Vallhamn,Tjörns kommun,Västra Götalands län
1480,Vallsta,Bollnäs kommun,Gävleborgs län
1481,Vallvik,Söderhamns kommun,Gävleborgs län
1482,Vallåkra,Helsingborgs kommun,Skåne län
1483,Valsjöbyn,Krokoms kommun,Jämtlands län
1484,Valskog,Kungsörs kommun,Västmanlands län
1485,Vankiva,Hässleholms kommun,Skåne län
1486,Vansbro,Vansbro kommun,Dalarnas län
1487,Vara,Vara kommun,Västra Götalands län
1488,Varberg,Varbergs kommun,Hallands län
1489,Varekil,Orusts kommun,Västra Götalands län
1490,Vargön,Vänersborgs kommun,Västra Götalands län
1491,Varnhem,Skara kommun,Västra Götalands län
1492,Vartofta,Falköpings kommun,Västra Götalands län
1493,Vassmolösa,Kalmar kommun,Kalmar län
1494,Vattholma,Uppsala kommun,Uppsala län
1495,Vaxholm,Vaxholms kommun,Stockholms län
1496,Veberöd,Lunds kommun,Skåne län
1497,Veddige,Varbergs kommun,Hallands län
1498,Vederslöv,Växjö kommun,Kronobergs län
1499,Vedevåg,Lindesbergs kommun,Örebro län
1500,Vedum,Vara kommun,Västra Götalands län
1501,Vega,Haninge kommun,Stockholms län
1502,Vegby,Ulricehamns kommun,Västra Götalands län
1503,Veinge,Laholms kommun,Hallands län
1504,Vejbystrand,Ängelholms kommun,Skåne län
1505,Vellinge,Vellinge kommun,Skåne län
1506,Vemdalen,Härjedalens kommun,Jämtlands län
1507,Vemhån,Härjedalens kommun,Jämtlands län
1508,Vena,Hultsfreds kommun,Kalmar län
1509,Vendelsö,Haninge kommun,Stockholms län
1510,Venjan,Mora kommun,Dalarnas län
1511,Vessigebro,Falkenbergs kommun,Hallands län
1512,Vetlanda,Vetlanda kommun,Jönköpings län
1513,Vettasjärvi,Gällivare kommun,Norrbottens län
1514,Vidsel,Älvsbyns kommun,Norrbottens län
1515,Vikarbyn,Rättviks kommun,Dalarnas län
1516,Vikbolandet,Norrköpings kommun,Östergötlands län
1517,Viken,Höganäs kommun,Skåne län
1518,Vikingstad,Linköpings kommun,Östergötlands län
1519,Vikmanshyttan,Hedemora kommun,Dalarnas län
1520,Viksjö,Härnösands kommun,Västernorrlands län
1521,Viksjöfors,Ovanåkers kommun,Gävleborgs län
1522,Vilhelmina,Vilhelmina kommun,Västerbottens län
1523,Villands Vånga,Kristianstads kommun,Skåne län
1524,Vilshult,Olofströms kommun,Blekinge län
1525,Vimmerby,Vimmerby kommun,Kalmar län
1526,Vinberg,Falkenbergs kommun,Hallands län
1527,Vindelgransele,Lycksele kommun,Västerbottens län
1528,Vindeln,Vindelns kommun,Västerbottens län
1529,Vingåker,Vingåkers kommun,Södermanlands län
1530,Vinninga,Lidköpings kommun,Västra Götalands län
1531,Vinslöv,Hässleholms kommun,Skåne län
1532,Vintrie,Malmö kommun,Skåne län
1533,Vintrosa,Örebro kommun,Örebro län
1534,Virestad,Älmhults kommun,Kronobergs län
1535,Virsbo,Surahammars kommun,Västmanlands län
1536,Virserum,Hultsfreds kommun,Kalmar län
1537,Visby,Gotlands kommun,Gotlands län
1538,Visingsö,Jönköpings kommun,Jönköpings län
1539,Viskafors,Borås kommun,Västra Götalands län
1540,Vislanda,Alvesta kommun,Kronobergs län
1541,Vissefjärda,Emmaboda kommun,Kalmar län
1542,Visseltofta,Osby kommun,Skåne län
1543,Vistträsk,Älvsbyns kommun,Norrbottens län
1544,Vitaby,Simrishamns kommun,Skåne län
1545,Vittangi,Kiruna kommun,Norrbottens län
1546,Vittaryd,Ljungby kommun,Kronobergs län
1547,Vittinge,Heby kommun,Uppsala län
1548,Vittsjö,Hässleholms kommun,Skåne län
1549,Vittskövle,Kristianstads kommun,Skåne län
1550,Vitå,Luleå kommun,Norrbottens län
1551,Vollsjö,Sjöbo kommun,Skåne län
1552,Vormsele,Lycksele kommun,Västerbottens län
1553,Voxnabruk,Ovanåkers kommun,Gävleborgs län
1554,Vrena,Nyköpings kommun,Södermanlands län
1555,Vreta Kloster,Linköpings kommun,Östergötlands län
1556,Vretstorp,Hallsbergs kommun,Örebro län
1557,Vrigstad,Sävsjö kommun,Jönköpings län
1558,Vrångö,Göteborgs kommun,Västra Götalands län
1559,Vuollerim,Jokkmokks kommun,Norrbottens län
1560,Vålberg,Karlstads kommun,Värmlands län
1561,Vålådalen,Åre kommun,Jämtlands län
1562,Våmhus,Mora kommun,Dalarnas län
1563,Vårby,Huddinge kommun,Stockholms län
1564,Vårgårda,Vårgårda kommun,Västra Götalands län
1565,Våxtorp,Laholms kommun,Hallands län
1566,Väckelsång,Tingsryds kommun,Kronobergs län
1567,Väddö,Norrtälje kommun,Stockholms län
1568,Väderstad,Mjölby kommun,Östergötlands län
1569,Väja,Kramfors kommun,Västernorrlands län
1570,Vällingby,Stockholms kommun,Stockholms län
1571,Vänersborg,Vänersborgs kommun,Västra Götalands län
1572,Vänersnäs,Vänersborgs kommun,Västra Götalands län
1573,Vänge,Uppsala kommun,Uppsala län
1574,Vännäs,Vännäs kommun,Västerbottens län
1575,Vännäsby,Vännäs kommun,Västerbottens län
1576,Värends Nöbbele,Växjö kommun,Kronobergs län
1577,Väring,Skövde kommun,Västra Götalands län
1578,Värmdö,Värmdö kommun,Stockholms län
1579,Värmlands Nysäter,Säffle kommun,Värmlands län
1580,Värmskog,Grums kommun,Värmlands län
1581,Värnamo,Värnamo kommun,Jönköpings län
1582,Värsås,Skövde kommun,Västra Götalands län
1583,Väröbacka,Varbergs kommun,Hallands län
1584,Väse,Karlstads kommun,Värmlands län
1585,Västerfärnebo,Sala kommun,Västmanlands län
1586,Västerhaninge,Haninge kommun,Stockholms län
1587,Västerlanda,Lilla Edets kommun,Västra Götalands län
1588,Västerljung,Trosa kommun,Södermanlands län
1589,Västervik,Västerviks kommun,Kalmar län
1590,Västerås,Västerås kommun,Västmanlands län
1591,Västra Frölunda,Göteborgs kommun,Västra Götalands län
1592,Västra Karup,Båstads kommun,Skåne län
1593,Västra Näshulta,Eskilstuna kommun,Södermanlands län
1594,Västra Torup,Hässleholms kommun,Skåne län
1595,Västra Tunhem,Vänersborgs kommun,Västra Götalands län
1596,Västra Ämtervik,Sunne kommun,Värmlands län
1597,Vätö,Norrtälje kommun,Stockholms län
1598,Växjö,Växjö kommun,Kronobergs län
1599,Ydre,Ydre kommun,Östergötlands län
1600,Yngsjö,Kristianstads kommun,Skåne län
1601,Ystad,Ystads kommun,Skåne län
1602,Ytterby,Kungälvs kommun,Västra Götalands län
1603,Ytterhogdal,Härjedalens kommun,Jämtlands län
1604,Yxlan,Norrtälje kommun,Stockholms län
1605,Zinkgruvan,Askersunds kommun,Örebro län
1606,Åby,Norrköpings kommun,Östergötlands län
1607,Åhus,Kristianstads kommun,Skåne län
1608,Åkarp,Burlövs kommun,Skåne län
1609,Åkers Styckebruk,Strängnäs kommun,Södermanlands län
1610,Åkersberga,Österåkers kommun,Stockholms län
1611,Ålberga,Nyköpings kommun,Södermanlands län
1612,Åled,Halmstads kommun,Hallands län
1613,Ålem,Mönsterås kommun,Kalmar län
1614,Åmmeberg,Askersunds kommun,Örebro län
1615,Åmotfors,Eda kommun,Värmlands län
1616,Åmotsbruk,Ockelbo kommun,Gävleborgs län
1617,Åmsele,Vindelns kommun,Västerbottens län
1618,Åmål,Åmåls kommun,Västra Götalands län
1619,Ånäset,Robertsfors kommun,Västerbottens län
1620,Ånge,Ånge kommun,Västernorrlands län
1621,Ånimskog,Åmåls kommun,Västra Götalands län
1622,Åre,Åre kommun,Jämtlands län
1623,Årjäng,Årjängs kommun,Värmlands län
1624,Årsta,Stockholms kommun,Stockholms län
1625,Årsta Havsbad,Haninge kommun,Stockholms län
1626,Årsunda,Sandvikens kommun,Gävleborgs län
1627,Åryd,Växjö kommun,Kronobergs län
1628,Ås,Krokoms kommun,Jämtlands län
1629,Åsa,Kungsbacka kommun,Hallands län
1630,Åsarna,Bergs kommun,Jämtlands län
1631,Åsarp,Falköpings kommun,Västra Götalands län
1632,Åsbro,Askersunds kommun,Örebro län
1633,Åseda,Uppvidinge kommun,Kronobergs län
1634,Åsele,Åsele kommun,Västerbottens län
1635,Åsenhöga,Gnosjö kommun,Jönköpings län
1636,Åsensbruk,Melleruds kommun,Västra Götalands län
1637,Åshammar,Sandvikens kommun,Gävleborgs län
1638,Åskloster,Varbergs kommun,Hallands län
1639,Åsljunga,Örkelljunga kommun,Skåne län
1640,Åstol,Tjörns kommun,Västra Götalands län
1641,Åstorp,Åstorps kommun,Skåne län
1642,Åtorp,Degerfors kommun,Örebro län
1643,Åtvidaberg,Åtvidabergs kommun,Östergötlands län
1644,Älandsbro,Härnösands kommun,Västernorrlands län
1645,Älekulla,Marks kommun,Västra Götalands län
1646,Älgarås,Töreboda kommun,Västra Götalands län
1647,Älghult,Uppvidinge kommun,Kronobergs län
1648,Älmeboda,Tingsryds kommun,Kronobergs län
1649,Älmestad,Ulricehamns kommun,Västra Götalands län
1650,Älmhult,Älmhults kommun,Kronobergs län
1651,Älta,Nacka kommun,Stockholms län
1652,Älvdalen,Älvdalens kommun,Dalarnas län
1653,Älvkarleby,Älvkarleby kommun,Uppsala län
1654,Älvsbyn,Älvsbyns kommun,Norrbottens län
1655,Älvsered,Falkenbergs kommun,Hallands län
1656,Älvsjö,Stockholms kommun,Stockholms län
1657,Älvängen,Ale kommun,Västra Götalands län
1658,Äng,Nässjö kommun,Jönköpings län
1659,Ängelholm,Ängelholms kommun,Skåne län
1660,Ängelsberg,Fagersta kommun,Västmanlands län
1661,Äppelbo,Vansbro kommun,Dalarnas län
1662,Ärla,Eskilstuna kommun,Södermanlands län
1663,Äspered,Borås kommun,Västra Götalands län
1664,Äsperöd,Sjöbo kommun,Skåne län
1665,Ätran,Falkenbergs kommun,Hallands län
1666,Öckerö,Öckerö kommun,Västra Götalands län
1667,Ödåkra,Helsingborgs kommun,Skåne län
1668,Ödåkra-Väla,Helsingborgs kommun,Skåne län
1669,Ödeborg,Färgelanda kommun,Västra Götalands län
1670,Ödeshög,Ödeshögs kommun,Östergötlands län
1671,Ödskölt,Bengtsfors kommun,Västra Götalands län
1672,Ödsmål,Stenungsunds kommun,Västra Götalands län
1673,Öje,Malung-Sälens kommun,Dalarnas län
1674,Öjebyn,Piteå kommun,Norrbottens län
1675,Öjersjö,Partille kommun,Västra Götalands län
1676,Ölsremma,Tranemo kommun,Västra Götalands län
1677,Önnestad,Kristianstads kommun,Skåne län
1678,Ör,Växjö kommun,Kronobergs län
1679,Örby,Marks kommun,Västra Götalands län
1680,Örbyhus,Tierps kommun,Uppsala län
1681,Örebro,Örebro kommun,Örebro län
1682,Öregrund,Östhammars kommun,Uppsala län
1683,Örkelljunga,Örkelljunga kommun,Skåne län
1684,Örnsköldsvik,Örnsköldsviks kommun,Västernorrlands län
1685,Örsjö,Nybro kommun,Kalmar län
1686,Örsundsbro,Enköpings kommun,Uppsala län
1687,Örträsk,Lycksele kommun,Västerbottens län
1688,Örviken,Skellefteå kommun,Västerbottens län
1689,Ösmo,Nynäshamns kommun,Stockholms län
1690,Östansjö,Hallsbergs kommun,Örebro län
1691,Östavall,Ånge kommun,Västernorrlands län
1692,Österbybruk,Östhammars kommun,Uppsala län
1693,Österfärnebo,Sandvikens kommun,Gävleborgs län
1694,Österhaninge,Haninge kommun,Stockholms län
1695,Österskär,Österåkers kommun,Stockholms län
1696,Östersund,Östersunds kommun,Jämtlands län
1697,Östervåla,Heby kommun,Uppsala län
1698,Östhammar,Östhammars kommun,Uppsala län
1699,Östmark,Torsby kommun,Värmlands län
1700,Östra Frölunda,Svenljunga kommun,Västra Götalands län
1701,Östra Karup,Båstads kommun,Skåne län
1702,Östra Ljungby,Klippans kommun,Skåne län
1703,Östra Ryd,Söderköpings kommun,Östergötlands län
1704,Östra Sönnarslöv,Kristianstads kommun,Skåne län
1705,Östra Ämtervik,Sunne kommun,Värmlands län
1706,Överhörnäs,Örnsköldsviks kommun,Västernorrlands län
1707,Överkalix,Överkalix kommun,Norrbottens län
1708,Överlida,Svenljunga kommun,Västra Götalands län
1709,Övertorneå,Övertorneå kommun,Norrbottens län
1710,Överturingen,Ånge kommun,Västernorrlands län
1711,Överum,Västerviks kommun,Kalmar län
1712,Övre Soppero,Kiruna kommun,Norrbottens län
1713,Öxabäck,Marks kommun,Västra Götalands län
1714,Öxnevalla,Marks kommun,Västra Götalands län
